PLAYER_ID,PLAYER_NAME,PERIOD,REMAIN_TIME,DIST,ANGLE,COMBINED_SHOT_TYPE_Jump Shot,COMBINED_SHOT_TYPE_Layup,COMBINED_SHOT_TYPE_Dunk,COMBINED_SHOT_TYPE_Tip Shot,COMBINED_SHOT_TYPE_Hook Shot,COMBINED_SHOT_TYPE_Bank Shot,INTERCEPT
101107,Marvin Williams,-0.050939929815065704,0.0030513170033411134,-0.06653501018748806,-0.0060877969796841284,-0.21576145324524296,0.02426859866356352,0.4109432686645926,-0.005930425725634424,0.0015866736372941433,0.040387389729090784,-0.20389227335108157
101108,Chris Paul,-0.014261224801713497,0.09381288968763739,-0.21087400459682215,-0.003554747741949018,-0.18109534936595473,-0.03801477951537796,0.5236688584398198,-0.10215302462221115,-0.018836148300469546,0.05946161851110614,0.05213795737795719
101123,Gerald Green,-0.0307367757403465,0.028337592153417784,-0.1647648826953994,-0.017006708224171028,-0.10528036633947709,-0.03526185830328662,0.36807133089234706,-0.06411895165764665,-0.06149409293596134,0.02480154505498703,-0.25525343217799035
101133,Ian Mahinmi,-0.055356798031718384,-0.007705725454465779,-0.262190482023906,-0.05832362485674768,-0.2824235683908176,0.09866995885283264,0.4272257956771016,-0.04464146182481297,0.01726880091904971,0.03468171141578766,-0.5524055719512747
101139,CJ Miles,-0.05650054322765627,0.02334012672902946,0.02256679163812714,0.01985860406868875,-0.2594397380686018,0.10115310202808027,0.3806449536459139,0.03699597181246234,-0.07271048223198891,0.044115404763501974,-0.2849447602548576
101141,Ersan Ilyasova,-0.04474163103140624,0.011157085122316186,0.03847973153276114,0.01566663757937726,-0.2793204766030972,0.1338050433996782,0.38145037080314276,-0.07317195143138176,-0.00890815082991269,0.06837394949148516,-0.20104657621451974
101150,Lou Williams,-0.009821500676073111,0.05237663772214403,-0.13006832929762938,-0.01732927834674221,-0.20858598575552925,-0.0006870735603024412,0.48111544387291544,-0.08046035291954678,0.011986921393959401,0.04439125225393787,-0.2026583916373931
1626143,Jahlil Okafor,-0.03656757936110817,-0.06645667954365246,-0.520552394202098,0.046141055574021234,-0.21869881100866292,0.03436925623829714,0.4019470571197399,9.279423524300957e-05,-0.012993398440247638,0.05000662807950184,-0.45722121132820537
1626144,Emmanuel Mudiay,0.016271649308595093,0.07809714401806787,-0.09424039323285006,0.022484101911897737,-0.15137417004433906,0.012692890296300729,0.41955400942491716,0.00015833832907550982,-0.19530545539822905,0.05085780352525333,-0.4087664550015987
1626145,Tyus Jones,-0.034432721665201865,0.06662514840548406,-0.2691599011183556,0.018279671914382113,-0.08711768921127916,0.028235212890226336,0.11836989644424915,2.904802158213337e-05,0.00548604981010617,0.05240941836433885,-0.3042950158835205
1626149,Montrezl Harrell,-0.0425796898185053,0.09338398613247327,-0.8554570219653372,-0.004124555987325454,-0.14963686102470192,-0.033208852681705016,0.3764611347819244,8.533158060372971e-05,-0.0024210404828702288,0.04399873951627669,-0.7504227420305212
1626153,Delon Wright,0.036337737726916494,-0.0053051673499601255,-0.21340704645094777,0.004534434929382805,-0.2523890461962742,-0.032426193559399005,0.6595111359344844,-2.7942445761963933e-05,-0.08811516212899916,0.011853626962584069,-0.29364766993400654
1626156,D'Angelo Russell,0.007667749598588693,0.027694669237419266,-0.2422274575021912,-0.04998925402048695,-0.14628674304514805,-0.053749269640639356,0.4485990229056178,0.020301335807536208,-0.09138488978780511,0.07365619856298229,-0.1631056588612011
1626157,Karl-Anthony Towns,-0.05301409090221512,0.042569339369012534,-0.13473486889896386,-0.0031556952941885047,-0.21485493417856225,0.027921807000472764,0.40568335174063774,0.0016669530655394197,-0.007732761263685448,0.03056305174527228,-0.01273661101196478
1626158,Richaun Holmes,-0.05902591275943411,0.03505794282136063,-0.3203877224598704,-0.009029501718270024,-0.22047959591423782,-0.016427320460753465,0.5283588501946938,-6.370624309500432e-05,-0.03573247802388037,-2.1975142615003898e-05,-0.34967888987604595
1626159,Justise Winslow,-0.14284520615523644,0.013064830231880882,-0.17794781375846344,-0.0749603553536986,-0.14496128317770235,0.0016487122394007825,0.4258242112151309,3.9446668243965264e-05,-0.18977091479786368,0.038612295270119265,-0.35540225248664137
1626161,Willie Cauley-Stein,0.01643570882684798,0.03156853983282066,-0.12615216259810422,-0.030829713016372152,-0.22107200782086878,0.03113662789082277,0.4357313046599306,-0.00020039167950157443,-0.04712753478358676,0.05149230370258255,-0.45011395423500766
1626162,Kelly Oubre Jr.,0.026320581810661187,0.01150196905486243,-0.2295551834546238,0.04714568710084217,-0.1302317869808517,-0.06926785741881779,0.351159424378385,-8.247245080985255e-06,0.0034000633200514793,0.26841761609067516,-0.3763228793609875
1626163,Frank Kaminsky,-0.011146065442054553,0.0599156500574119,-0.14992692393756243,0.046585208779441584,-0.20777828690945965,0.0028532615070034424,0.4025731245869545,0.035243540603850765,0.00669222171240457,0.05525263050508733,-0.27352673549159734
1626164,Devin Booker,-0.030944997122585697,0.00845998621835525,-0.24824202388909053,0.014707206107547253,-0.15295227263948888,-0.015447664186486175,0.361240879373559,0.01821840877995173,-0.030714884968489516,0.026373075122598025,-0.14031065088873484
1626167,Myles Turner,-0.021146214608414694,-0.007848124624160879,-0.14117540060855902,-0.03264596209320521,-0.20387918269983196,0.016836401117515953,0.437990225208214,0.01065637834852513,-0.06758820404079544,0.02800280953520612,-0.08230854832997048
1626168,Trey Lyles,-0.006043113263934903,0.03337525758499135,-0.07735372124171569,0.06449281774356813,-0.25786556556887835,0.050882562876107956,0.5015783090801477,-6.202177070042963e-05,-0.06204086425821275,-0.016114549526181906,-0.26830886902857976
1626169,Stanley Johnson,-0.019891606730439132,0.11052940118591884,-0.14660904783656561,-0.033097189185059175,-0.2220838830246641,0.03140379901473976,0.36123946544180924,5.155733422601894e-05,0.04527209453212337,0.11919434201342914,-0.44707019310862706
1626171,Bobby Portis,0.055606080745638733,-0.034303112811346,-0.23556942199726283,0.010197590687987349,-0.1067345359710558,-0.028063149176708584,0.2853996852121342,0.029519348107079228,-0.035453455253766766,0.011526103251549789,-0.2295164337162324
1626172,Kevon Looney,-0.05188935389542541,-0.11140887300446167,-0.16422681668183195,0.054207126627170026,-0.2030096131816261,0.0011878669132258505,0.5792864896592393,-2.3468961640289703e-05,-0.2937160007711058,0.22939010448912517,-0.41502202991133974
1626174,Christian Wood,-0.05707693004990022,0.08172871712730066,-0.22271624410092872,-0.06683634645660759,-0.1714604611004696,-0.034778078633712343,0.4622580329969845,-1.9674513606708394e-05,-0.10852459365193227,0.20447434820606453,-0.19913103526630296
1626178,Rondae Hollis-Jefferson,-0.007263490993328981,0.0245851330794103,-0.3907452087467619,-0.04580374284085917,-0.13071460630343512,-0.0652421295070912,0.4876217639058306,6.571617494303503e-05,-0.11113683598116837,-0.042321065172305466,-0.4894809600743038
1626179,Terry Rozier,-0.049188469516159704,0.02360796322973701,0.005342196205522863,-0.06183453856527465,-0.17516914309924275,0.004135165006432863,0.4460146724395298,-8.662284750414692e-05,-0.12582072242871864,0.027091001743569838,-0.3792504085012189
1626181,Norman Powell,0.026075264991865913,-0.04314316847991322,-0.057129532459936676,0.009893045524176271,-0.24210667289143187,0.054362585390362185,0.4676574337592478,-0.00010252533998517653,-0.09313331956107136,0.04953098389199022,-0.2828534113023543
1626188,Quinn Cook,-0.06064832375033943,0.04394817112397194,-0.1933188939143907,0.07823322952811275,0.07650670417145725,0.1228511189413848,-0.4677637077669523,-6.792932247393237e-05,0.01812398413691207,0.2684979323310947,-0.1457088847112549
1626192,Pat Connaughton,0.011931129099335733,0.001094018850017838,-0.0812983926802038,0.056535878478802475,-0.23221472355614248,0.07825835143048894,0.40707597369608767,-1.1935553306766263e-06,-0.08632242646342252,-4.1171080481362896e-07,-0.29144669712691884
1626195,Willy Hernangomez,-0.002167240465121014,-0.13294921659807296,-0.28012615562230603,0.03539654097050853,-0.16550534080487822,-0.021879623302519875,0.4186249387798056,0.00030139444330842526,-0.03612015404109551,0.009779961722258286,-0.34095946704794106
1626196,Josh Richardson,-0.08007941789400935,-0.05067664472020975,-0.11699341318087066,-0.05218684781746637,-0.16056818190523767,-0.01675041180175329,0.43908575864841803,0.026506967319701535,-0.12810422999505303,0.029126062376223574,-0.20632277599894797
1626203,Treveon Graham,-0.016635023061058463,0.07438123535393756,-0.31477332721935813,-0.04963801257444711,-0.01003793195213481,-0.06449337990903532,0.45598055135056753,-1.2135455809219692e-06,-0.4692111660651801,-4.186063390338372e-07,-0.3509904412585804
1626204,Larry Nance Jr.,0.02856421414813256,-0.0003438826145197935,-0.14219270892118807,-0.06313039783196309,-0.24322039567011924,0.07417888799807691,0.40339102849298764,-5.778770838057198e-05,-0.03867263399533076,0.015954965939713257,-0.27831523196956237
1626209,Mario Hezonja,0.03219381117927293,-0.008663926771522714,-0.30446758156457876,0.05523534799100315,-0.09046927121550447,-0.09306032105612784,0.3984815410206509,5.732843667393317e-06,-0.06043747932568792,0.05961865088010061,-0.3061313938668769
1626220,Royce O'Neale,-0.11523869066363225,-0.10091187694001573,-0.004865617865135694,0.0478649608787886,-0.1201807645500942,0.12630310794743607,0.2874460310824306,-0.00016115570865446414,-0.4055654135453993,-5.558983717842345e-05,-0.3090470953167714
1626224,Cedi Osman,0.08295482995694488,0.0455574846213301,-0.21590714061882346,-0.06760017700078201,-0.19476187184120458,-0.008994863586501521,0.4357025014419763,0.017083811681146564,-0.08435218662970828,0.20890860863920568,-0.16506262559381837
1626245,Cristiano Felicio,-0.05356877218383461,0.0817033581788848,-0.5977670443662108,0.0046493344490911035,-0.12599155904859158,-0.04478323631073123,0.3705329684348919,-0.00016448796735561762,-0.08631214964384958,0.19735795189248906,-0.4442448915865508
1626246,Boban Marjanovic,-0.03355608113268726,-0.0648941010422078,-0.41339790441315893,0.11538638709421248,-0.24990194977402239,0.10945567873115279,0.3529812357371194,2.916754854335813e-05,-0.04990039025010816,0.0395117931733298,-0.39503914663711215
1627732,Ben Simmons,-0.01257918511852009,0.05583109502700282,-1.0484962891745877,-0.11823188211744133,-0.15310960959951164,-0.02657369398472782,0.38697992321221003,2.779318410565143e-05,-0.009223486293147808,-0.007584373847906382,-1.0068540977511016
1627733,Dragan Bender,0.046499793683111836,0.058017303330389604,-0.2783110283480907,0.04414658944661701,-0.21601913257958938,0.0060650026157968015,0.6096063400297815,7.297551463523167e-05,-0.15679049227881092,-0.24685773049844703,-0.26293262719080707
1627734,Domantas Sabonis,0.015031695020269194,-0.04279156015674447,-0.10300630590316373,0.032962372739283256,-0.2787803190790677,0.0837265314322183,0.46124230728592147,0.025841565375476657,-0.06153303950913893,0.013989883092996288,-0.20195290883763414
1627736,Malik Beasley,-0.07173657645248693,0.0398728662654924,-0.06362300282887434,0.1054918238707161,-0.1801394824087965,0.023013941492513245,0.33978157295270084,4.373509109628594e-05,0.004748579104170074,1.5086195910940591e-05,-0.1495001208719195
1627737,Marquese Chriss,0.01598948874241244,-0.0898694385398433,-0.2516406181357338,0.03970815614707662,-0.07719223572263881,-0.06515637570962232,0.272443846292492,-1.2801157891559664e-05,0.03032700569176535,-0.013775039207089354,-0.5452444750348873
1627739,Kris Dunn,0.008219038449992208,-0.021940854614571667,-0.25540652133075115,-0.016208759022209578,-0.1251425176894923,-0.07067843666236355,0.3769555719136963,3.442973825249331e-05,-0.02953976847024467,0.2119542891970886,-0.33564793228083395
1627740,Henry Ellenson,0.17734694449134145,-0.040181416492234515,0.14433613758252758,-0.07456468690844324,-0.40836177738140106,0.08905734424825448,0.7323435176344214,1.9216274693778913e-05,-0.0376515621706562,6.628555639098315e-06,-0.5580011425770639
1627741,Buddy Hield,-0.05685074936986187,-0.008859625721283697,-0.02787567126364548,-0.012796668191285549,-0.22686010366339326,-0.03211018852429021,0.5998030222603442,0.011144780778756845,-0.09511978965155375,0.021475307343658705,-0.0888149601549708
1627742,Brandon Ingram,0.06403449783831833,0.08588685977356253,-0.14783960743810076,-0.013192129105524973,-0.21127353692340045,-0.01920116503059703,0.4851632379917279,0.024116199892583515,-0.10200918709201422,0.2682470719497158,-0.2028345207218069
1627745,Damian Jones,0.05367259999743737,0.1159719460989917,-0.6910126213834324,0.16960985447152785,-0.08715846468383238,-0.12183311488200876,0.4548331960321912,-2.4858958978447404e-05,-0.0542189209963261,-8.574970713531681e-06,-0.700572944741352
1627746,Skal Labissiere,0.08722974211551901,-0.13279351497396635,-0.0070895281034135645,-0.10854544859240349,-0.1504994836994715,-0.07909617162096891,0.5061941311613835,3.664957148679987e-05,0.018642188710482958,-0.20912304237565907,-0.28798129876028356
1627747,Caris LeVert,-0.05139467621681818,-0.14773823161385347,-0.2279705755846688,0.012031875881996359,-0.23255240053435192,-0.07849970525737533,0.6699558179893907,-0.00019708182127219564,-0.02846911916817621,-0.011098423822765208,-0.26994184223773254
1627748,Thon Maker,-0.05892702275211597,-0.09866818258736015,-0.0854665037350322,-0.06571067752106796,-0.13751018072420124,-0.02421482472071241,0.4143659997489506,2.2001045244507937e-05,-0.031496541559172586,-0.24200431501303463,-0.4155344225014828
1627749,Dejounte Murray,0.11700139074717424,-0.010014290241025233,-0.49342078139046847,0.03607641439932272,-0.11781234955015714,-0.10279386964675906,0.4661130669917439,4.182493542882279e-06,-0.026436882811034217,-0.0007245663225643008,-0.4737632090543884
1627750,Jamal Murray,-0.042229530335768234,0.07779323053407709,-0.18593241843850158,0.016258510554925255,-0.1332121723289095,-0.037569373957337074,0.3488076941482331,0.019107595688749472,-0.0788194808807118,0.22824912637224454,-0.1628167283295279
1627751,Jakob Poeltl,-0.06273480712950892,0.06325081408678233,-1.0807205208969304,-0.12122863030156902,-0.001755358902937996,-0.10955226880907334,0.3084563863752204,-0.00011561540959771546,-0.050933997985101176,-0.28956991015221023,-0.4149590029444679
1627752,Taurean Prince,0.021836207546094267,0.07319954102435189,-0.0727272001952389,0.11166547513198592,-0.18616528433736687,-0.019069038079187663,0.4642704524284769,-9.945069608184804e-06,-0.05796975232514112,0.04721852874848584,-0.26371132742238135
1627756,Denzel Valentine,-0.033974852716736684,0.07265297491095377,-0.056877227228539176,-0.016187676378058954,-0.1529415307335284,0.10132834240433976,0.1385190557249815,-3.115225814069685e-05,-0.005455015288559738,0.0036323387794287686,-0.24418987750475526
1627759,Jaylen Brown,0.050654051754233514,-0.05701094274577238,-0.2237616394608437,0.0031694985279212516,-0.1518362650764894,-0.04779362915211711,0.3655458091356994,0.02544339999977341,0.04091341577517197,0.03917262508712428,-0.19718206305773195
1627761,DeAndre' Bembry,0.01573337324052341,0.04681545018396357,-0.32852124440631003,0.11119790393186556,-0.13707928628396468,-0.03567862900699938,0.4054471248803774,-7.2501906140484e-05,0.0011168624887620156,-0.2040784434933654,-0.4885152304109898
1627763,Malcolm Brogdon,0.06875420792254387,0.01354405664532769,-0.07843981781792743,-0.03492430928444774,-0.22678095515139382,-0.02116004424158722,0.5764973020045752,0.012412356647387398,-0.10090081767130525,0.04639502764891912,-0.09963438468134933
1627767,Cheick Diallo,-0.08355432600929495,-0.010846951931482048,-0.6989091861991938,-0.0005469782209479976,-0.12983856324460438,-0.09280260026280582,0.43353823195953856,-0.00023631792430096185,-0.025911384948221646,0.18100395714813827,-0.1333277218723255
1627774,Jake Layman,0.01669266901336215,0.08400909898082078,-0.4064592055326949,0.08038555742262857,-0.08809155199774363,-0.029301089559929626,0.35278157623856937,6.716575589233104e-06,-0.09642617460407103,-0.20343584303582135,-0.26691330062559226
1627775,Patrick McCaw,0.07234516791051042,0.0862815052380401,-0.33609646930598513,0.07475470233540367,-0.15536862556320508,0.09969961610932002,0.2295728171396487,0.00014149854117996065,-0.20677603923166465,0.23976346151147857,-0.40845322432277015
1627777,Georges Niang,-0.23007111580158057,0.09044131822273721,-0.6153956853801048,-0.3893585709210606,-0.042495400840309866,-0.14365221119714439,0.44003659170768356,3.4889853038914975e-05,-0.12303617023693288,0.028253113771684796,0.18210483353746487
1627783,Pascal Siakam,-0.049674353096785334,-0.023899748120533,-0.387153418022153,-0.020313562716547957,-0.1845028944543478,-0.03749797167298896,0.4838463671469971,0.022463028540403635,-0.04307782774648446,-0.007662104235791739,-0.17447663801442365
1627788,Furkan Korkmaz,-0.015090029722401558,0.005076057177817017,-0.33215890077454857,-0.004736067305351989,-0.1257742102715693,0.011317859028154333,0.26861817294718054,-0.00015026910223889866,-0.03012732176141676,-5.183455799454189e-05,-0.171266122175757
1627789,Timothe Luwawu-Cabarrot,0.024299909769934173,0.09191793955868201,0.18458299769779757,0.06315411730038113,-0.2644604753069854,0.31845086959622865,0.18156149306868208,-0.00011247191786633627,-0.34489486575999456,0.04586383133080387,-0.6935249005183685
1627790,Ante Zizic,0.04149023118375839,-0.03513554707896609,-0.16622101557736021,0.044146446719284894,-0.31163846234349296,0.11652407883683732,0.4613025537216376,-4.067388741130961e-05,-0.018513897199481787,-0.0070303247524731854,-0.35000732617222924
1627812,Yogi Ferrell,-0.011654970694981647,0.04805037710246887,-0.2499011177017187,0.011093459990022245,0.06547962842264825,0.05648409652385194,-1.6365002598493357e-06,-9.776825402666703e-07,-0.3818334896597641,0.026661174913974985,-0.2901140896564511
1627814,Damion Lee,-0.09683139389034037,-0.07529151016973422,-0.34704464213834096,-0.09691028466158144,-0.10800991533456804,-0.08040618259358881,0.3848451373794442,-4.882579236948428e-05,-5.284026890812819e-05,-1.684220727010116e-05,-0.190769511345102
1627820,Tyrone Wallace,-0.09455470083462887,0.05107497376462309,-0.6201211267916327,-0.04377566934239845,-0.15890013834868133,-0.1797710153784314,0.7697567507239134,7.278454978335728e-05,-0.0586166606719331,-0.22197770921050963,-0.48594447283450104
1627823,Juancho Hernangomez,-0.07337772065376795,0.01876479138569536,0.04087891752914909,-0.009843164380096168,-0.2545989277283524,0.10500035212464019,0.3522081779693971,0.0004163115072569796,0.06630939227857675,-0.23002903667461824,-0.3199665173374439
1627826,Ivica Zubac,0.0543663983622418,0.09402918294239698,-0.2926680783141499,-0.08925634415037353,-0.17605915238985798,0.002165174857105526,0.39081404890885596,4.756563343994162e-05,-0.03288500022169317,0.022540980734883156,-0.44925172479453485
1627827,Dorian Finney-Smith,-0.0671023465525165,0.076231577164431,-0.028822452000660068,0.0923015699437862,-0.233140386210758,0.052424235850927974,0.4094334267905256,8.278463480232564e-06,-0.03740558082494976,0.07531734864365318,-0.5014567145752445
1627832,Fred VanVleet,-0.12275542488991457,0.09827091981360675,0.15040735514259934,-0.11819817995197045,-0.17239926286309018,0.1421338517182343,-1.5923649948043237e-05,-9.513151290424689e-06,0.13054202357473818,0.060802364189192944,-0.3946812310625842
1627846,Abdel Nader,0.09295134675362024,-0.08606209043285774,-0.1436936070208594,0.03315319937082422,-0.04516403216953333,0.05511800879873234,0.28576708876350165,0.0001724661769151173,-0.513373288459863,0.21984808319392893,-0.4781313797815969
1627853,Ryan Arcidiacono,0.14640689351118105,-0.07000975735673944,-0.2779285327612863,0.03084919045467157,-0.03233800357886714,0.10792774423812057,-8.24633906246539e-06,-4.926550845233535e-06,-0.20435561487498802,-1.699388508280558e-06,-0.2204346927675716
1627854,Bryn Forbes,-0.00858452839473284,0.07010426225681593,-0.2175148477570782,-0.020599583524934205,-0.08364514472683657,-0.10672229906987533,0.17086752746147343,0.005976253381197383,0.3832776462456748,-0.21665686013992166,-0.08958759586237659
1627863,Danuel House Jr.,0.018440783184439816,0.04663736880926736,-0.36601843418092317,-0.04091365801559198,0.06105155330138273,-0.013420713913619296,0.24554660121539576,-6.261893627998086e-05,-0.528290829720794,-2.1600081692180442e-05,-0.1724400157141956
1627884,Derrick Jones Jr.,-0.021110230539038658,-0.08159018291154715,-0.1607465425801974,-0.003418795023965086,-0.29561638012107144,-0.03741019719801568,0.3970689910812298,-1.9371557673480977e-05,0.46458996968088034,-6.6821197090498235e-06,-0.499101746625463
1627885,Shaquille Harrison,0.04697635894375533,0.024938227398406943,-0.5161294838568186,-0.04941198811792699,-0.003893968300267023,-0.014011113862636142,0.43525764086456953,-4.380239594942045e-05,-0.5348781737037659,-0.20772681105980453,-0.6546502749522719
1627936,Alex Caruso,0.0366922095678682,-0.18248829466284058,0.1455205377267558,-0.2899421706752446,-0.347616278806307,0.2431593778347043,0.3044208745959899,-5.881199749221245e-05,-0.03083124141699965,-2.0286897634948442e-05,-0.43038230681208134
1628021,David Nwaba,0.0836635230879929,0.04371499520591673,-0.284227591334648,-0.008772551973129185,-0.15093953626236292,-0.07396124941471642,0.5091951752610618,-1.065805939438701e-05,-0.07551557972798227,0.02631528403130341,-0.32309197349392677
1628035,Alfonzo McKinnie,-0.05344735063880032,-0.14106185889395292,-0.1523752580233955,-0.09928082966382132,-0.20238447391018216,0.03572040915118845,0.3939403519704339,0.0001191775840639311,-0.10891660584927129,0.20829713171854458,-0.34927311212563295
1628365,Markelle Fultz,-0.09285121975317656,0.0735835851350416,-0.4378999512404325,-0.005628291290018186,-0.1254046681844974,-0.013091074097676144,0.3598871809739834,-0.0001087718136679262,-0.16572080459054728,0.20595593801071377,-0.46948568592826273
1628366,Lonzo Ball,0.047286031585547283,-0.019088849939208126,-0.006917527999322243,0.004015208613578975,-0.18099805527813564,0.09469011987735443,0.5271955188073645,-3.837167028812247e-06,-0.47957495345102846,-1.323611135672654e-06,-0.5396570577255747
1628367,Josh Jackson,0.00965551707218263,-0.07493749279631956,-0.2634231390035933,-0.03952991185319471,-0.10486782597409992,-0.07833686588130596,0.31357198611761566,-4.418422370683578e-06,0.006697556845416722,0.26001080590419917,-0.4714523774488146
1628368,De'Aaron Fox,-0.053047643442012106,-0.04151105204566708,-0.27064670748355374,-0.051966652616107306,-0.17152697495741046,-0.031646855464388834,0.3962591250331961,8.98690954162371e-06,-0.020974183120903475,0.21371247798259857,-0.30925590491608423
1628369,Jayson Tatum,-0.011426178467414127,0.03157129969307905,-0.11003555388633741,-0.07307926955883289,-0.16301716709719505,-0.05458645073378912,0.47016315545985315,8.154067269780335e-05,-0.10112669551192456,0.23534137871923508,-0.2054240289439968
1628370,Malik Monk,0.0550049377632335,-0.057868099369125604,-0.15519846525427428,0.09530740498121963,-0.1986207124749872,0.040772253370975294,0.524076604603136,-1.3836679110981623e-05,-0.2636440514272983,-4.772891666595378e-06,-0.3676905871352137
1628371,Jonathan Isaac,0.0165388263655122,0.060034175143297626,-0.23336873764184035,-0.06262712630205337,-0.12275336148569022,0.015263922308412791,0.36293934993597576,8.604304609936668e-06,-0.19328657732053373,2.9680108529258335e-06,-0.39840145606036925
1628372,Dennis Smith Jr.,0.0054985941775219215,0.04799271298573293,-0.1425758308464003,0.09828735167869884,-0.19733465731593694,0.026435692138077612,0.3715550758686784,7.701441598471167e-05,0.07098884789470838,-0.21050420549516446,-0.4477343250498581
1628373,Frank Ntilikina,-0.12163320123895502,0.09417983503640932,0.004817085260437261,-0.19036220512721946,-0.2056198162247989,0.06715041652817752,0.2666446999257052,-2.1115382871939465e-05,0.07089673995946881,-7.28364328885749e-06,-0.4601589900100511
1628374,Lauri Markkanen,0.034102640502069466,0.018627280433128075,-0.22942618364994938,0.0825838137678465,-0.08348437647212915,-0.06347683135338425,0.4235252618233338,6.6777867485738585e-06,-0.10226534907479813,-0.25799751929213,-0.28822372140124436
1628378,Donovan Mitchell,0.0060359500761968405,0.06848237345487591,-0.2579809670869373,0.002927011105446879,-0.060880326501518034,-0.026815585104081538,0.29617159735637716,0.02959501114879973,-0.18925996162726108,-0.03218622859961743,-0.2301419549636445
1628379,Luke Kennard,0.026882945348226307,0.08703832695203849,-0.12757235891743962,-0.07094256422984527,-0.21276019984650912,-0.07051366884974952,0.7200105938841754,-0.001449506400684006,-0.11690239192794342,-0.23457067396535491,0.0024848974153229967
1628380,Zach Collins,0.07312302115052667,-0.03270867915707696,-0.3994759636529136,0.018484256869819683,-0.10800122177283371,-0.03750345312694776,0.3057514858778553,-1.0277621129292297e-05,-0.09368433793491684,0.2767399361507209,-0.36614189694144716
1628381,John Collins,-0.10320629869429528,0.038581965813214804,-0.41611088817078873,0.04586861957190294,-0.09366512733413598,-0.017910270524276437,0.30596892564551914,8.165822393293054e-05,-0.03495661817377406,-0.22093931436747083,-0.3158224629291253
1628382,Justin Jackson,0.026754535186015685,0.09540018221676223,-0.40667372935474855,-0.07767754261436285,-0.2677263219553357,-0.04106448289966913,0.7731465510328879,-0.005063668554362381,-0.1757723038214638,-0.0017466865605484092,0.03412504389479545
1628384,OG Anunoby,-0.18618386287594624,-0.0660982545602879,-0.11976026995289393,-0.018958033356603204,-0.21280025676376743,0.05706219451942982,0.4256304978540574,-2.1362082498416955e-06,-0.04256339113637083,-0.22722850955630983,-0.28236149660960586
1628385,Harry Giles III,0.07085705716735341,0.008056392060886593,-1.084655738491203,0.010490840369058313,0.073076008566307,-0.19240075252836805,0.2317109994585437,5.7490107986915654e-05,-0.10009282872055746,0.20283294433744614,-0.5977403468087782
1628386,Jarrett Allen,-0.06939165110882294,-0.09547693885058706,-1.1672130237995932,-0.03664217698179674,0.0046288661846096615,-0.1434108658398229,0.28668851248154864,-0.00013179630576272357,-0.034687783675624924,-0.0036658999633369365,-1.0483670333176138
1628388,TJ Leaf,-0.1441821370756432,0.22550934901404227,-0.04820826815116793,0.04874391142666649,-0.4181826972396866,-0.022235227048934835,0.9447744227837727,0.0037109259117779196,-0.08061236879762815,0.21587704655219714,-0.053646656039512984
1628389,Bam Adebayo,0.03643864863193855,0.04377560502953898,-0.3993772552789253,0.012409711101215139,-0.16438784376774318,-0.0706619131245265,0.47790784291454336,-1.1338302073020791e-05,-0.07507000809317328,0.2747945985461369,-0.5350910938556236
1628390,Terrance Ferguson,0.014696400694269897,0.026308434343564426,-0.06593934459795994,0.04640790278496905,-0.18475555163365986,0.17343063622690377,0.3130910089416691,-8.271083868826993e-06,-0.3705540699294834,-2.853068063297248e-06,-0.2777801277218679
1628391,D.J. Wilson,0.03491373607299868,0.1184665045888861,-0.1454397931973913,-0.1809741142503788,-0.1674186147792749,0.059311300385350096,0.2662057157988409,-1.5146097697807723e-05,-0.029434291653102105,-5.224568908913573e-06,-0.20699986575351959
1628395,Jordan Bell,0.12334102559598474,-0.17030624838456795,-1.215536824930228,-0.22073205481193248,0.10168548052144434,-0.1633524655351369,0.14328709401212247,-3.427346096874782e-05,-0.08082941139217655,0.01283293139188671,-0.68329142389091
1628397,Ivan Rabb,-0.16758407102295025,-0.01096201272271754,-0.6022409503631687,0.17116808799125627,-0.0522087043821453,-0.21246810147902942,0.4996655727823114,1.827037563072225e-05,-0.03419676820598216,0.18153240165711132,-0.15330937259136562
1628398,Kyle Kuzma,0.009398816840557475,0.05006276741834255,-0.3678008153003993,0.025778854142793933,-0.10621370793832352,-0.07451355625763248,0.37620190408559095,0.022134140430769028,-0.037061779699617374,0.020912845915860786,-0.1723369073250604
1628400,Semi Ojeleye,-0.008771359943320695,-0.06035630343035399,-0.3220278669659952,0.02998340049762862,-0.06055037877912014,0.007327517569040202,0.1192676463021849,-9.601476556608728e-06,-0.004820316913881562,-3.3119802141699125e-06,-0.3907860577649383
1628401,Derrick White,0.02915140231149471,0.08919228010022193,-0.38549809718362077,0.120073724889772,-0.052573451734132776,-0.13590907651299364,0.3525780870318254,0.008817902649795312,-0.04473955066560469,0.19950407422087427,-0.08579742584094364
1628402,Frank Jackson,0.04916478604011278,-0.1026445236156246,-0.44174249039313285,0.017978294001770756,-0.20567665709364893,-0.15347285460041118,0.7334423417746195,-3.6377651435912355e-05,-3.9368636756528927e-05,-1.2548284743472483e-05,-0.26040759256049156
1628404,Josh Hart,0.006656894991244108,0.0484023675117149,0.03866553626033266,0.05804858361996482,-0.462984681801714,0.02230838930553578,0.9516118026217394,-5.7690663711704044e-05,-6.243401358400749e-05,-1.9900099284494172e-05,-0.13774572401010088
1628407,Dwayne Bacon,-0.024876129115285903,-0.13915301113933068,-0.06396361747257166,0.06665511730152276,-0.28288336978072365,0.07155638624657391,0.36546471181266543,-2.9707613013545597e-05,0.09134265171118712,0.2090765572227625,-0.39811025579609494
1628411,Wes Iwundu,0.030376879186572833,0.008572613467602809,-0.35239952199334834,0.17816146572549915,-0.1315566533381573,-0.12931945617295684,0.45123595963705687,-3.5968815885860654e-06,0.11603442865045681,-1.2407259014519663e-06,-0.4665105599946399
1628412,Frank Mason,0.06671677769728845,0.037044357480201885,-0.23058123159305224,0.07243077494226184,0.040508357040703304,0.02873945848144143,0.04654518805994995,0.00013271266332804096,-0.35427436411602936,0.21873836933091398,-0.5107540813820943
1628415,Dillon Brooks,-0.010178605394163015,0.14024149932552396,-0.16814272059849975,0.044043758778644325,-0.19524996978063153,-0.04840397916202282,0.4090387752281177,3.8097124184000077e-05,0.15371966201926485,1.3141408070601146e-05,-0.2306113233404293
1628418,Thomas Bryant,0.1051872897732384,0.06540842379125908,-0.73591002986698,0.033477122994774657,-0.01818298852537692,-0.18067213069167443,0.402684047387931,0.009887097628957793,-0.04673913769433901,0.02262703911248709,-0.08390477191254046
1628420,Monte Morris,-0.12941401299769045,0.017075844465653845,-0.3162259798848794,-0.07767274753956578,-0.12489881849948836,-0.11335986395342297,0.5578666641312925,-0.010625338825271414,-0.10057997399657813,-0.0036651562652903393,0.08342663462973036
1628422,Damyean Dotson,0.018000838307797962,0.07972093677970736,-0.16127956405120616,0.09825681867336329,-0.09483665758962156,0.07221177512284332,0.06609456602955903,0.00010013429586191622,0.00018061658771923678,3.454081303967422e-05,-0.22514397915895834
1628425,Sterling Brown,0.05702480372637449,-0.0600527275833244,-0.36350529860534386,-0.049490008310659105,-0.003987190288573983,-0.09311678802782133,0.24370397496352542,-0.0002347219408708862,-0.017519912208207825,-0.21463826490044982,-0.2700403597032047
1628436,Luke Kornet,0.0029699486604095023,0.28545525706055824,0.11586810657068233,0.004094751775536347,-0.2746064302117382,0.11221302868607987,0.50168250689725,7.868314448578577e-05,-0.2714584296964932,0.2541345844451553,-0.47443367414402493
1628464,Daniel Theis,0.017022798605224345,0.015024793063907976,-0.38432318208216965,-0.07380486879430391,-0.10016156732498085,-0.04178391816863543,0.3492476999459393,-0.00011842432816526848,-0.14790775716787252,0.20213969921029698,-0.1902091734790112
1628467,Maxi Kleber,-0.04344199997953763,0.07574641282789947,-0.3569957606052669,-0.07486721801905354,-0.08320279626311101,-0.19908538695214414,0.48778238481625075,-2.821577856162733e-06,0.10446077357120796,-9.732888452640377e-07,-0.1723526051194415
1628470,Torrey Craig,0.0064835625817828615,-0.010382017276573214,-0.2626073561927823,0.03371013587735895,-0.11714397637941382,0.056586753483367155,0.39998359330841887,-1.6024024694919674e-05,-0.3853812244213133,-5.527405334523734e-06,-0.41666328985302115
1628960,Grayson Allen,-0.18875096363926483,-0.03239697298328458,-0.2828676910886264,-0.16531789144624867,0.008325241864078221,-0.001153470887998781,0.24333451032607123,-2.555502478838041e-05,-0.38975975129199975,-8.815075053353062e-06,-0.3520377158581512
1628963,Marvin Bagley III,0.019009701991737297,-0.15975892601902003,-0.33403655537781846,0.14066614456345253,-0.11842517750748907,-0.11582358451212203,0.42810124848711323,-4.5024790850728934e-05,-0.01089680322168766,0.24877027946014954,-0.34737643222487874
1628964,Mo Bamba,0.061292310062262115,0.14215855055954235,-0.5434825460581181,0.09832036824902068,0.012233898989188518,-0.20788980885422884,0.4687877641599191,-9.204104382671793e-07,-0.1500924639641359,-3.1749087147711624e-07,-0.24473888559854273
1628966,Keita Bates-Diop,-0.07597107101138283,0.06889496316103776,-0.03972693311065322,-0.15241032066409277,-0.4643309406752234,0.11428505328857916,0.7794941368802147,1.96076314678967e-05,2.1219778914729775e-05,6.763552156237871e-06,-0.19743362064094244
1628969,Mikal Bridges,0.024759454704372293,0.05022639312170336,-0.29851649212363324,-0.040689234289369394,-0.1478923769817921,-0.007663591646659645,0.33212960189092583,-4.0076496236051654e-05,-4.3371602082972266e-05,-1.382418233315493e-05,-0.26914952548229076
1628970,Miles Bridges,-0.05198339309280364,0.03861963478044819,-0.0346085244718238,0.13224387174931446,-0.21731124667552335,0.052546034103891755,0.3811476049011314,-9.260608647975257e-06,-0.040737706795936815,0.0581460151823926,-0.4028428476351896
1628971,Bruce Brown,0.14990395795682934,0.018686107938047026,-0.5832364886775626,0.05592278648091255,0.08511424736355996,-0.14277427741665816,0.20825517697782414,2.2944194752668015e-05,-0.17983924175693414,7.914482590536325e-06,-0.523636469401673
1628972,Troy Brown Jr.,-0.07342260360651794,0.01863788152168334,-0.35953893717974,0.009110242555531799,-0.08134419007761345,-0.034044558374531804,0.32387398167742876,-6.952984229225908e-06,-0.12716132027772561,-2.3983963362042256e-06,-0.30649334061161826
1628973,Jalen Brunson,0.04107751970003954,0.09084541244067032,-0.374620283857597,-0.01902476693195642,-0.1172503250702065,-0.004838998212381254,0.18688133938145202,0.011019641781335065,0.03716073437815483,0.19733005011693597,-0.11279093289218167
1628975,Jevon Carter,0.013089248369814625,0.04116472279546773,0.17322871476718027,0.2768363824737079,-0.25198826201811264,-0.037205771502403395,0.6117399258435536,-9.991706217327476e-06,-1.0813228371914403e-05,-3.446587938735302e-06,-0.5968027588160385
1628976,Wendell Carter Jr.,-0.07580172410878305,0.14648755838578584,-0.6339236980054092,0.0990130246989209,-0.09186164412579831,-0.05337632481235565,0.4233032300063121,-2.563220759851815e-05,-0.11501134694087019,-0.22327015769812125,-0.5920102509041734
1628977,Hamidou Diallo,-0.39828223031790694,0.17529239547931055,-0.9208091112833684,0.05436920753389622,0.049414630659971176,-0.2878813444594988,0.35934665900202994,2.1160673452863402e-05,0.12336546311514447,7.299266042985377e-06,-0.5860047195572762
1628978,Donte DiVincenzo,-0.08559956529670286,-0.03309950224298693,-0.4033229933539465,-0.12705806141360787,-0.13523929948725597,-0.07206382828226929,0.4273702994396285,-3.391294904262887e-07,-3.670128551770737e-07,-1.1698098264924625e-07,-0.20449749759781594
1628983,Shai Gilgeous-Alexander,-0.057024457884523976,-0.008892115399606477,-0.22216014643902926,0.15783145309134813,-0.12507539995045072,-0.015562404520153296,0.6338768691452213,-8.121927814002205e-05,-0.43206061245162203,-0.22540426061197313,-0.20410689709443242
1628984,Devonte' Graham,-0.15731654447629867,-0.04117977611755194,0.19033054959231333,0.08055102447956583,-0.34595032970812656,0.0773656573369854,0.639831327518615,2.9104610673081016e-05,-0.06661943306750726,1.0039486543911703e-05,-0.3645902280014883
1628988,Aaron Holiday,0.16402836204635599,0.00791157811906355,-0.15152955170037868,0.026987545522692308,-0.0217595073408952,0.041286780428486124,0.013781413627546717,6.187297689763601e-06,6.69601982698591e-06,-0.21136555331547438,-0.3761788370498253
1628989,Kevin Huerter,-0.126326611352994,-0.14619281200990794,-0.11120174719913437,0.02476014031094081,-0.1689506054015389,-0.11681105620915366,0.6454058080428153,-0.0002727076604275641,-0.15656663570556273,0.20231499239431933,-0.2082836877273157
1628990,Chandler Hutchison,0.2072897906254226,-0.20782887595987481,-0.26890806694526376,0.14675691676491676,-0.12184394491184317,0.006514276112212239,0.31849582316152364,3.811572569523418e-05,-0.10433471786356138,1.3147824566719877e-05,-0.5018350958502938
1628991,Jaren Jackson Jr.,-0.034868097105623226,-0.05105758413948024,-0.022438482710605726,-0.013995193933835942,-0.27118691622662244,0.016086494738500375,0.5484929284621156,-0.00036618442755696214,-0.00937932821901641,0.044369163437221575,-0.19010206551257663
1628995,Kevin Knox II,-0.018103727292360927,-0.03814860225600941,-0.23132770535008437,-0.029353969152059397,-0.03634351576326097,-0.08166448750452396,0.23847083172077232,6.969925686085192e-06,-0.007768862954216566,2.404240205456985e-06,-0.47330496052745946
1629001,De'Anthony Melton,-0.15061849274615585,0.23723825500129936,-0.035057724133184594,0.3511595146064526,-0.3881689660671211,-0.008507468455901956,0.8501826257606521,2.3127572833305347e-05,-0.0010336684448241046,7.977737921052108e-06,-0.3133252984803722
1629004,Svi Mykhailiuk,-0.00847038992386828,-0.05130690631390292,0.21246405693821552,0.11162528672944565,-0.10958867758206975,0.019116514156051992,0.46125966466330365,-4.468040201403622e-05,-0.39474830076218625,-1.5412276076065323e-05,-0.5964025336548731
1629006,Josh Okogie,0.07012829168481577,0.03727491718909432,-0.2754188743789301,-0.03738109151936578,-0.0954783056379588,-0.00840358282739631,0.46284127567901745,4.3363934107269424e-06,-0.3640140650175345,1.495816720125713e-06,-0.5902125952382411
1629010,Jerome Robinson,0.12657033944854,-0.113239337583384,-0.530784975468719,-0.27049889287721596,-0.019810343507931396,-0.25723056148446893,0.5316793731034933,-7.905075489579622e-06,-8.555034016522447e-06,-2.7268153453383286e-06,-0.45487510685248467
1629011,Mitchell Robinson,0.06735458468458182,0.17888105659389225,-2.1959218358429142,-0.12424884496437558,0.29419521233373974,-0.3762411750635489,0.11728829773099682,0.0003462954666239243,-0.0506714359665938,0.0001194528494584315,-1.4103257198898353
1629012,Collin Sexton,-0.007789015676616338,0.03102470430107963,-0.14968298883453324,-0.10741698764647967,-0.14695075964643453,-0.013860439343553353,0.37806041042324123,-0.0003479335729181087,-0.12313059498593214,0.21240850285505838,-0.22445791028769252
1629013,Landry Shamet,-0.07145911768708121,-0.03649907191467227,0.09797416005695864,-0.1879779133704208,-0.23329151884878463,0.10205818860875013,0.24119667044156048,-1.2198494597156092e-05,0.09869088759181877,-4.207808299729042e-06,-0.21419792366787646
1629014,Anfernee Simons,0.030003472184240633,0.055501775183227325,-0.26526925954071784,-0.1448673837757744,-0.19187574553473427,-0.005988636790200145,0.1816361123851091,3.0313488115001142e-05,0.36366452771929586,1.0456482632225212e-05,-0.1417849219634467
1629016,Omari Spellman,-0.04313421646036906,0.13352453502004238,-0.18423910618407227,0.11595916703595233,-0.007314976361348545,-0.1029871177695623,0.24176145315188366,-3.5852231753718736e-06,-0.0454761286153801,-1.2367043912185437e-06,-0.40404525233424243
1629019,Allonzo Trier,-0.05329448889954094,0.08374396510978764,-0.03983366654767126,0.13260672634343543,-0.2354214609257721,-0.02341423343352122,0.30115257734004425,1.9429276623399025e-05,0.37436762661045364,6.702029565113193e-06,-0.11670635945478633
1629021,Moritz Wagner,-0.007342295250384951,0.0945515192614672,-0.44583609831765864,-0.0009555510573134151,-0.07259493331315135,-0.005476511471283102,0.22923601672298585,-5.100727911807618e-05,-0.09471391704690117,-1.7594699962636702e-05,-0.12268469163784995
1629023,P.J. Washington,-0.12544910027545797,-0.19801154550696268,0.21576971608624568,0.03206638033144118,-0.29394763995943834,0.017378788239579165,0.5903431029619538,3.72742784858958e-05,0.01073327110311211,0.002372305433869503,-0.36067928252291365
1629026,Kenrich Williams,0.11648430100857585,-0.022846275294017487,-0.10096720414526905,0.09269419107466204,-0.21720952399502116,0.029591423590107014,0.31731374495857656,6.038617258699881e-06,0.13954052306378487,2.082990127925505e-06,-0.5192067307975416
1629027,Trae Young,0.014905447150152035,0.035550532107940416,-0.4202146451375011,0.0813584058719238,0.06718613365069445,-0.051125512973971755,9.003109835867772e-06,5.378662951288323e-06,5.8208988079879115e-06,-0.21809222064420533,-0.2868360396679253
1629028,Deandre Ayton,0.0786410896138058,-0.08387598249572188,-0.729548646452795,0.0015812533716405355,-0.08994993095636747,-0.14888504268078223,0.4542244867441272,3.4298123749816475e-05,-0.025995783006597845,0.18199114505475714,-0.2592351429383636
1629029,Luka Doncic,0.00032414418671473195,-0.049219845786176095,-0.3350159553571875,0.01653864818403051,-0.2021887500369169,-0.03344566255143985,0.583534798269299,0.012571753680895041,-0.13350923707139012,-0.022696501762352512,-0.1031134377611264
1629059,Elie Okobo,-0.031978041696233604,-0.11048571246116225,-0.20802224712307976,0.039866244187577095,-0.23590097313342237,0.004903554750384726,0.7664194016224823,0.00023658222747253044,-0.47591833825180335,0.21699872062710598,-0.36393932000150114
1629060,Rui Hachimura,-0.0022161667726043714,-0.002282802367986541,-0.6514535979560356,0.051083952588298946,-0.08257984748328343,-0.15682694207201378,0.5304923638440299,-6.62798065256325e-05,-0.08602378266696614,0.010257201284693136,-0.31432214624405863
1629066,Rodions Kurucs,0.014617718946816367,0.03988909891216079,-0.39787235160584916,-0.11219629576200203,-0.04415528548497828,-0.11872909122313156,0.33331113864094175,-7.082003864583943e-05,-0.0191090238255988,-2.4429009993210763e-05,-0.3386774883185807
1629130,Duncan Robinson,0.04378963663531683,0.031591537296129325,-0.06490486804993455,-0.07447013641762483,-0.4447821343796032,0.20145668362269736,0.5717352713366015,4.0152507524331105e-05,4.345386305020589e-05,1.3850402038455774e-05,0.24251728980735096
1629134,Kendrick Nunn,-0.18661449506431277,0.06852773693920224,-0.0572512594120098,-0.027598589828214216,-0.2188398067930341,0.13322366435261127,0.35744330353737724,1.855714629935394e-06,-0.21213511182940303,6.401192671724882e-07,-0.17551818181023496
1629628,RJ Barrett,-0.08000479464897957,-0.013965751287213703,-0.13067644821677712,0.08208464812877798,-0.1486023981459304,0.024043747438832523,0.361654909614952,2.201664415874398e-05,-0.13298068347614242,7.594528758670836e-06,-0.6564570671672746
1629629,Cam Reddish,0.01687527848885514,0.043990811867342584,-0.29057169207704864,-0.06154716744582417,-0.028353589460588458,0.043039159483111745,-0.020990460275705242,1.3812774376220061e-05,1.494846631187037e-05,4.764645850732733e-06,-0.7136012369622269
1629630,Ja Morant,0.04256963244572767,0.12058931966974962,-0.2508159670840133,-0.20718231721009583,-0.009053798980392084,-0.05505317634919897,0.1240962697342779,1.9523555737558534e-05,2.1128790443568162e-05,6.734550663064077e-06,-0.247824501189809
1629631,De'Andre Hunter,0.012149908878411641,0.15658812161904728,-0.2563973789768036,0.11257049485740143,-0.014437963733736823,-0.08592728822100004,0.07186608376394772,-1.3197703263075842e-05,0.1844004929520213,-4.552480217073551e-06,-0.38220365995820116
1629632,Coby White,-0.023241409201428576,-0.06983655154459424,0.1356254879719638,-0.04906358158085306,-0.18603444088110585,0.20738217306148962,0.2257699289482002,-1.7177640185871113e-05,-0.33216146386541706,-5.925339096017265e-06,-0.7159868407787824
1629633,Jarrett Culver,-0.2272691517997127,0.0008735835418121473,-0.34486205343296633,0.28979254241118535,-0.15754954785505898,-0.15752899240531273,0.3478803695652602,5.954470039017045e-06,0.4362641168536236,2.053963975020652e-06,-0.6245162642602318
1629636,Darius Garland,0.08516885850025895,-0.1774317700190244,-0.13515472923924804,0.14130595746372307,0.09220971486802254,0.05173391116704526,1.1109499700715934e-05,6.637068246861519e-06,-0.4459720836317319,2.2894227341977823e-06,-0.5412733163209896
1629639,Tyler Herro,0.05501817045204235,-0.09507508519334636,-0.18296888610875953,-0.12849052492953142,-0.14258722040741345,-0.09825980688087471,0.49295783219340794,-5.997851193567064e-08,-6.490996970626715e-08,-2.068928072068924e-08,-0.17220148247514896
1629672,Eric Paschall,0.004198405841781204,0.15895155743160358,-0.288760134541271,-0.021554760986417495,-0.17348583487458336,-0.011084266853212772,0.4075615135615104,-1.1226910150559957e-05,-0.021115238472082697,-3.872665216082142e-06,-0.20267078051721352
1629673,Jordan Poole,-0.012349289799093827,0.33465640982411354,-0.3814495837295219,0.14306303920648233,-0.027618281781484857,-0.07723060560408297,0.468463556422076,1.5234690420125785e-06,-0.39475282845018345,5.255128515689237e-07,-0.8035869252660841
1713,Vince Carter,-0.02787804002216462,0.020569696364706878,-0.031242755643833154,0.01628739296253556,-0.20428476316060562,-0.03517758781871164,0.5199135996967486,-0.025824708252053248,-0.005706307711631213,0.024292511633199492,-0.2110392688873196
200746,LaMarcus Aldridge,-0.0472915127857059,-0.012510289946172943,-0.07552020436726324,0.00946773605179271,-0.26448500309798834,0.09433383785806974,0.4373692243913381,-0.055523900180680964,-0.03141952524488159,0.028403151160680432,-0.051969891465373654
200752,Rudy Gay,-0.05154245942119761,0.033423581020450094,-0.09961492795659273,0.022275506137751994,-0.15955452461448455,-0.013116816460822757,0.3774064170258209,-0.011781431802432407,-0.010633184394250641,0.020373735423395517,-0.23328066922090276
200755,JJ Redick,-0.098924448092284,0.044190392793340715,-0.013494924082768334,-0.02241054323146957,-0.15463105841566924,0.14986337322036955,0.01953305500262201,0.07042355007577887,-0.051706460019572686,0.08555545974014227,-0.09052418914829065
200757,Thabo Sefolosha,-0.06426749568993645,0.022369995474705587,-0.02380486221814658,-0.007747262413797604,-0.2982886237162107,0.08478275974130603,0.493679414252032,-0.023670930525440236,-0.007723322051500379,0.02404831724748319,-0.24548045507523775
200765,Rajon Rondo,-0.05783713151803982,0.04288244631446733,0.011535176630740548,-0.03823656787714375,-0.3117792423655581,0.1088162887980956,0.4932853531230625,-0.023442166963729073,-0.04426328353783864,0.06019211210603414,-0.25667374286030653
200768,Kyle Lowry,-0.05891963365726629,0.064260473363295,0.013862317757026267,0.004325204894025785,-0.22612859353797152,0.16311401915318313,0.16452756277993316,0.02833592190288755,-0.017391336669308536,0.022577258926638363,-0.26167069237673646
200782,P.J. Tucker,0.014272239245001936,0.03359917894173244,0.09931817040073243,0.011964041530985507,-0.3254492759088128,0.11486473148546263,0.4967821279609065,-0.006853621444682684,-0.032041362142057536,0.041701194915066235,-0.2853540475715444
200794,Paul Millsap,-0.04921543537495803,0.019012748564839827,-0.10457262224339751,0.03917661322672226,-0.24013937342730893,0.08425135883516138,0.34794344060151045,0.01071269659852013,-0.01534802038445658,0.050952628250462824,-0.19546165000893098
200826,J.J. Barea,-0.06617553028786391,0.06002673938373991,-0.008644361661338536,0.019327765121606597,-0.16499216848334392,0.14949953266271848,0.06757112731901763,0.11004538923593216,-0.1106606572484419,0.03767131755138067,-0.3173903040025363
201142,Kevin Durant,-0.05586121769520078,0.026982615642178985,-0.1432339342995439,0.0021138737148652426,-0.21561217515383857,-0.023055125525133183,0.5859520453524191,-0.03734838145865138,-0.09685489846199148,0.037706569263345764,-0.011079206773591373
201143,Al Horford,0.013483059853538568,0.019859121180568085,-0.06001332897697013,0.024192253585011744,-0.2679832834627616,0.07798246779495659,0.5163240921863302,-0.08616410141778635,-0.06026905115975803,0.017681482102260223,0.026324367724532186
201144,Mike Conley,-0.03820117592782176,0.02608754751181471,0.0012287531898555345,0.04350422833377308,-0.3582791777815181,-0.014082319891681684,0.8567667980800762,-0.021626887496488393,-0.07912642201924192,0.02353273918299323,-0.06828559700476998
201145,Jeff Green,-0.0298835186213754,0.0019871229953570013,0.004795064179431868,0.05120665938863979,-0.30951945916605117,0.10835042687738798,0.43608344702368057,0.03355037886436778,-0.006649494977440692,0.02840775928971008,-0.31256115553313585
201152,Thaddeus Young,0.007454148559088748,-0.04157850669982679,-0.0918094515350888,-0.020479847789082663,-0.30288688419070264,0.08245195420857114,0.47831659744457383,-0.01680522199824698,0.016092094766682004,0.06862269211986073,-0.2693782682520414
201158,Marco Belinelli,0.003265639417828152,0.04103656421707325,-0.01221681372783279,0.014670578134401173,-0.25549781975873065,0.0729354731718262,0.43795639449457385,-0.020597178239892624,-0.03206186194790746,0.02713980870391614,-0.13862117163066884
201162,Jared Dudley,-0.11607247631299346,0.06771163315240193,-0.009650285424070091,0.026541941360286907,-0.4122800446569323,-0.01262756589108219,0.9615337409997592,-0.08309695448095886,-0.004653607549631585,0.008529982124413322,0.1371561034618916
201163,Wilson Chandler,-0.04467405476280638,0.01976458982964942,-0.07948560991799367,0.031448568323708764,-0.2840099185479127,0.08240661769441449,0.4254523482602574,0.009487592704505584,0.015500968987944296,0.052978635018731464,-0.2207591991187387
201188,Marc Gasol,-0.020241998036528236,0.0035631636033658202,-0.13149705866826042,0.026868842539305292,-0.24955922133208142,0.05258590427168368,0.4871523693649538,-0.03710854989364943,-0.055810308148529296,0.03965697856257302,-0.0698490732915268
201229,Anthony Tolliver,-0.08541737014698694,0.04174049612603189,0.02454648687111028,-0.014224388350165785,-0.29707394130902115,0.11553060254418912,0.4918937146611568,-0.024030589741667042,-0.09296222459582053,0.012790958264742726,-0.17839806715302278
201565,Derrick Rose,-0.01664184176037827,0.04394122857805108,-0.2196459367162325,-0.019748697234660186,-0.1888689816018331,-0.03939731244772269,0.6128923297153891,-0.20467495927968646,-0.027034490293451664,0.053324598929160846,-0.1679165228509285
201566,Russell Westbrook,-0.017385345268822662,0.015315124402965554,-0.08955853344436293,0.018895835942344497,-0.19748023198443213,0.09810946138781207,0.33849018213577947,-0.06103771193071231,-0.10326464131791178,0.023711309439250792,-0.36748816049446237
201567,Kevin Love,-0.08462512528595502,0.0011196119604040015,0.045773225564882745,0.033573321943246436,-0.2972389914898526,0.06189202079234576,0.4962546479514344,0.03337725139736986,-0.004093275055290934,0.029409333707810775,-0.2234389158608646
201568,Danilo Gallinari,-0.027586315184321985,0.05008053017004164,0.059967690816572834,0.0466128146432642,-0.21328943812286166,0.06328674726197346,0.48712687173390357,-0.041941453270486845,-0.198369736214296,0.0374281793693042,-0.3006534176396583
201569,Eric Gordon,-0.03273923012998401,0.020811298300983983,0.07980952949320355,-0.014418334791481495,-0.3058154872266173,0.10835825349202191,0.48669890920692654,-0.06628057508658527,-0.008635560722472641,0.04795109297031319,-0.257784652296081
201571,D.J. Augustin,-0.022360526922229385,0.03255472920142663,0.14295819854975028,-0.04414707479935145,-0.0028902867715935973,0.3354378778241007,-0.37071764830786424,-0.4221378789936715,-0.017429189848752434,0.049188011247997404,-0.5470084710303736
201572,Brook Lopez,-0.02972408726595184,0.014426888159588104,-0.24189352854029098,0.04688546224094157,-0.18123128769154193,0.008342056227433026,0.45801602848606093,-0.10491076645125023,-0.032121265456081016,0.005307710069399173,-0.1766720103267622
201577,Robin Lopez,-0.1152819110788223,-0.03476171529016967,-0.14172948032668417,-0.004657458694603162,-0.2704665684758617,0.07403079594080679,0.4692395164594507,-0.04188542303028835,-0.015922410026940368,0.03249230367899626,-0.25719483058099407
201580,JaVale McGee,0.027078405440232278,0.013463972993557028,-0.15690154914891383,-0.0017881868994346496,-0.31423734938532893,0.021602532356970048,0.590555196877593,0.0150236899846471,0.020500151132465033,0.09323360764229165,-0.7005079067488817
201583,Ryan Anderson,-0.06882213644772674,0.06287123043345172,0.07425562258458134,0.03935773592811507,-0.2721625353486163,0.03927801988834684,0.4972970681786392,0.00105795788520799,-0.006189873864929834,0.0730888677232053,-0.22995923405126667
201584,Courtney Lee,-0.07794301592430454,0.04599837515027677,-0.03428511699636779,0.008554222776295486,-0.19428768317189463,0.10895644780560645,0.34626385320151504,-0.03390924204336534,-0.17558455578506346,0.005613948588249251,-0.1347242579182506
201586,Serge Ibaka,-0.023262602642496417,0.05007062616528702,-0.1937983005634692,0.026618903847474132,-0.16596483148764088,-0.022364854773375235,0.42437348375150735,-0.03337903061737486,-0.015220527627226636,0.02375335691439333,-0.0497633043700768
201587,Nicolas Batum,-0.025485057787632447,-0.0035907305030965786,-0.1381591490979852,-0.0012266170506403658,-0.22845073754661055,0.08368507561006153,0.4060544283833171,-0.041154247292155846,-0.08303816182459973,0.026808754301471713,-0.17718985451979608
201588,George Hill,-0.03152963616429618,0.08314926187483491,-0.05467802976226178,-0.0017143406470902665,-0.28982195834386065,0.07672150508167652,0.5378624054307496,-0.04325756517647209,-0.06767228357980837,0.04661720661288186,-0.05644126709463053
201599,DeAndre Jordan,0.08116570383453633,-0.03850765749785603,-1.1022737505859372,0.060790647567401594,-0.1735198717505895,0.0008926533517381709,0.4015029477332581,-0.05860609938092153,-0.008074301401919948,0.04995543924918159,-1.5327397407028738
201609,Goran Dragic,-0.05546062515966646,0.018912276213950932,-0.07166516913085856,0.015303089164311062,-0.2918689794006752,0.11535787844250033,0.4904439879552215,-0.0983917306416242,-0.05058501851623282,0.05098314851187561,-0.13650448171218993
201933,Blake Griffin,-0.04619136932707532,0.00519356074079126,-0.010498344707444623,0.0017002606504900495,-0.32728278753322904,0.14881102739323476,0.45833265333250334,-0.04563796398190469,-0.03194603796277544,0.04937723320583288,-0.26075399692360685
201935,James Harden,-0.023418308205002465,0.021656970409566982,-0.05716599275672965,-0.019048117944155615,-0.2858651598309137,0.026801892815150056,0.6085314359992241,0.023361707496888862,-0.10190197191826637,0.03494206164431175,-0.1535461514539985
201937,Ricky Rubio,-0.044836878773884675,0.006091303253235937,-0.025071819035743598,0.0005353448207174277,-0.041365100306884596,0.18205178189212898,-0.40244932521336446,0.05673332901546482,0.1600086618200415,0.017656895731277218,-0.5464365738522863
201939,Stephen Curry,-0.016941203010914955,0.07405416271899902,0.09685683744760303,0.004564332000616679,-0.2729288099609157,0.16091927115825955,0.31643819029389764,0.021048097477234344,-0.09108621889606124,0.05129494125691009,0.01588071298777791
201942,DeMar DeRozan,-0.04388794423197693,-0.0069159953896108465,-0.301577026717439,0.014494996948177682,-0.15244006689202927,0.020821646218106,0.438609887690311,-0.18488452734407093,-0.0680477177299088,0.03770790186684623,-0.22822146444417996
201949,James Johnson,0.02805571052070089,0.04901466242244964,-0.31658275743087894,-0.006591427051759858,-0.17974923771323667,-0.0006364159251931811,0.40950197606422983,-0.05340147145430449,0.0004965749026008432,0.04708782235675149,-0.3225337675385333
201950,Jrue Holiday,-0.047996685444133005,-0.01198647964195503,-0.11557500812959456,-0.009258908718469162,-0.1959355525782616,0.04564198895660742,0.367221775519275,-0.05396611368724293,-0.022867045080479067,0.06981431785263773,-0.1991127280793052
201952,Jeff Teague,-8.857211736632235e-05,0.06846765105894204,-0.10622652421104914,0.03758540779827211,-0.1984183021136335,0.04371714143885712,0.49016935787564786,-0.1975516985504658,-0.0490338394855416,0.032036717962109426,-0.2347868706165948
201959,Taj Gibson,-0.06547937294330267,0.022861330439825422,-0.20957849070056433,0.030446889763823443,-0.216402224918786,0.001652930466437031,0.4844048085007266,-0.06432194849029435,-0.0011158710841548784,0.08060307770558098,-0.3044463193543369
201960,DeMarre Carroll,-0.046392497786963374,0.008895034386062069,-0.030864500830550663,-0.010959902280186914,-0.3208576846901292,0.07057721503212606,0.6453173957717085,-0.08962362326435615,-0.060851305588039584,0.022865816329541228,-0.19947121179340968
201961,Wayne Ellington,-0.020003478572455637,-0.022131880561924708,0.05262227949499417,0.04944672381999316,-0.3136604532968955,0.11914956117876767,0.4520800660731636,0.05580901892935513,-0.06337420483585658,0.0114593743919607,-0.18255004788969487
201976,Patrick Beverley,-0.019291900153101622,0.058477559063699766,-0.09057609230071034,0.0178394680791586,-0.12376685353142618,0.07770535076275907,0.07537612918978205,0.08524281364482968,-0.015476495068310822,0.0016692750809172894,-0.30800704457728667
201980,Danny Green,-0.041126157461356144,0.011124403215695992,0.0892292744431853,0.04742454423416173,-0.22456856285135676,0.1470440495634238,0.24329368499839574,-0.009163275972378223,-0.05111850114084019,-0.005488826091215745,-0.23394875656946745
201988,Patty Mills,0.0020105326777330483,-0.010019720087876242,-0.023190230936134454,-0.0004989899224780857,-0.11007374869992956,0.24198931155057085,0.047716228079602026,-0.37285904717806806,-0.076816743906565,0.04216626631444825,-0.2539132218220878
202066,Garrett Temple,0.024089171753795616,0.06133120793852761,-0.027190441812803966,-0.03227025464981355,-0.3656697804329781,-0.0030518185533850344,0.489856308049608,0.4345461651717587,0.05407146632557609,-0.011828485272210025,-0.183505058312411
202083,Wesley Matthews,-0.04878780494097463,0.027240501458383453,-0.04926829952385009,-0.0038070681344881093,-0.22435046211739307,0.05682448958449165,0.376144428911452,-0.061239093789746006,0.04085962287985891,0.037113748653848304,-0.18071726957954887
202322,John Wall,-0.0528722434616953,0.002263535141989608,-0.0006000642466849439,0.03153047739108901,-0.34983718241714995,0.05194689853324826,0.6180830832499541,0.04311910440635706,-0.018260491619488083,0.09162226982112222,-0.24882388418631946
202323,Evan Turner,-0.030522114231575886,0.03289679380932802,-0.17906164158872712,0.004072034222604795,-0.22555925585664488,0.008987099328099171,0.5018460697621658,-0.03383637325439852,-0.0418489108879528,0.06467486431903656,-0.2019688230821992
202324,Derrick Favors,-0.006857803652273639,0.032618851013329946,-0.2771247264180389,0.044204860373664806,-0.25476343230197496,0.064205499876066,0.476615378762835,-0.0577367463792435,-0.026874207282033852,0.007613536637648375,-0.40474889610313286
202326,DeMarcus Cousins,-0.06556309573200046,0.009550975006483303,0.13129627434948377,0.04293962057952155,-0.35625492520362884,0.14353772722275215,0.48211303362767316,0.001591821318286701,-0.010629009560063117,0.0734674409103485,-0.28509502111379587
202329,Al-Farouq Aminu,-0.07186180333122827,-0.007229208698262951,-0.0011257702727869127,0.07028288920743572,-0.25230865667031366,0.06435089348841105,0.5190447954634257,-0.05133574432415353,-0.09994553719646825,-0.007973462439660699,-0.4445500396550217
202330,Gordon Hayward,-0.003332327814737489,0.038537254971241636,-0.02058501054971557,0.04843592353851739,-0.2725057688077665,0.03131353784292226,0.48346629369270044,-0.09653661047919389,0.14099010750909116,0.0360465854061022,-0.1541580366708591
202331,Paul George,-0.04229422602392054,0.07783530516065337,-0.011739423742941731,0.06107663840280137,-0.21901911165760854,0.03532767672493515,0.45551319194326423,-0.043465530501157014,-0.05659185035826323,0.0550797621431799,-0.19465476070383073
202334,Ed Davis,0.020239263589252994,-0.03439274294900732,-0.5301293320683815,-0.03246891518787772,-0.18398838904428577,0.024663017475099552,0.37825593018343445,-0.01409702680696072,-0.03278592180153682,0.0014183804849929168,-0.565866185876955
202335,Patrick Patterson,0.06883016547603167,-0.019651921379949172,-0.1962236767869416,-0.007672639821555193,-0.13852057832960982,0.006966044364943256,0.3538324951981034,-0.04296152569953255,-0.06807653278350866,0.009251139904762652,-0.15082759966794787
202339,Eric Bledsoe,-0.015762805519909526,0.04204948009263556,-0.16190239558468614,0.043371048857806856,-0.2350384699867947,0.09361482348442152,0.3772699433449444,-0.06574327419096813,-0.025407875670256746,0.030944971022083375,-0.22681896308046787
202340,Avery Bradley,-0.0337733418654555,0.08507475892402847,-0.027395216251429686,-0.03158856349009512,-0.24653824140239686,0.07225314482025362,0.4054501676323126,0.03411957444196092,-0.061977020660198806,0.030628293531045413,-0.17681409802527812
202355,Hassan Whiteside,0.008851929654656376,-0.06942641827181448,-0.21416444733539894,0.02070627545977792,-0.2309187205796139,-0.00919183798343358,0.5451284683988085,-0.03169777505738329,-0.04415718998462617,0.0786252617928293,-0.23240511582545484
202357,Nemanja Bjelica,-0.025847863655417875,0.10745737233008673,-0.07526899968728683,-0.06236268907123192,-0.25925209528961357,0.03567326188186423,0.5036120953979343,0.01664842028042174,-0.04127306755207651,0.01065549477160388,-0.1316614577707947
202397,Ish Smith,-0.06856132998375553,0.03161279566583486,-0.07990813959308245,-0.04175960063924712,-0.20733325675916214,0.06657695765575222,0.47345852837796315,-0.1731915594801976,-0.08651234458221745,0.04262592525564893,-0.2760909879350921
202681,Kyrie Irving,-0.06814222300839837,0.048273225438610366,-0.08465728324373756,0.033473890721878445,-0.20794510108386066,0.026034631708678067,0.39610372596761284,-0.07877530710442408,0.06655853539190462,0.02362938785148491,-0.054543655043113995
202683,Enes Kanter,-0.04035827463220183,-0.0432213550140882,-0.31629898843979615,0.008740574104565569,-0.19652722084693072,0.07511088201343132,0.3258196094521176,-0.047315638030420236,-0.027126481744871863,0.001981096418304226,-0.27990720840247296
202684,Tristan Thompson,0.006465343064887674,-0.05766371858943404,-0.3973652124600863,-0.047906190248545984,-0.16071162800602712,-0.025078254432941528,0.437577310385696,-0.10847009308915172,0.02533826173264634,0.023608680954361857,-0.6571107090601354
202685,Jonas Valanciunas,-0.02906674636880706,0.021704241210154344,-0.3729204248750311,0.05965049555804336,-0.12033507094348013,-0.06285489004260614,0.4271179390802813,-0.0837204281905709,-0.0026869424823896242,0.018942691951174942,-0.20128277358933488
202687,Bismack Biyombo,0.041456452034109005,-0.051942519332684275,-0.3728987982622314,-0.01975703558041982,-0.2433315251078382,0.010740523467395001,0.4875713344308535,0.06832837346835981,-0.044755659366063856,0.009551664006823201,-0.8221959465027591
202688,Brandon Knight,-0.02303365409427358,0.048396363287284964,0.0371351945257574,0.011416978855694895,-0.2698056191616606,0.11094515445790745,0.4314201968472061,0.023996534985335317,-0.13543223829913517,0.05590405898063294,-0.29499581033478034
202689,Kemba Walker,-0.03933061865046143,0.03482740513711836,-0.059356128710717666,0.051039361579843165,-0.14791704220074925,0.07281082327860056,0.1894519859595092,-0.042741360857653996,0.010682953739334566,0.041124417473616254,-0.27963791352917544
202691,Klay Thompson,-0.028375341396642897,-0.003456746050666143,0.06685080524657047,0.02506513361997797,-0.285988984050764,0.1543948691378314,0.3995646853266752,-0.023933699861458643,-0.10739136093847006,0.03206761992911651,-0.032681093143762975
202692,Alec Burks,-0.013234212979546654,0.027329064766171206,0.08873129423719024,0.020092778982742088,-0.32502182593768786,0.06512759448332683,0.5363732379807069,-0.000979409433461312,0.03696087107873786,0.06302871009262254,-0.28308911770432404
202693,Markieff Morris,-0.02034439089728593,0.03773769355775224,-0.13255000919419088,-0.015135026361454864,-0.17793222477958975,0.029595158311482517,0.38952336016084227,-0.08391017349925974,-0.03407738951704767,0.04872406732275419,-0.23205328252765675
202694,Marcus Morris Sr.,0.00931174263317803,0.061429571435972,-0.033635910493311674,-0.02442799509530862,-0.2763232152336007,0.050394299676733756,0.4749075854939441,0.045444303676392545,-0.03962228381961696,0.09657737871914798,-0.11046129334083757
202695,Kawhi Leonard,-0.050597500282398955,0.00786625046716421,-0.2055256363516114,0.042113873140615946,-0.19030277306685092,-0.017319192548948363,0.4135142705107346,0.07919740890597204,-0.03594270679611911,0.014284751544793904,-0.023228073416105464
202696,Nikola Vucevic,-0.061052247013598175,0.0496954081542675,-0.16039026531356163,-0.037188232055528014,-0.2143051726701649,0.08739095039604564,0.32884494995068947,-0.05011451892752231,-0.023133038025509124,0.05233460272524405,-0.09514053581924371
202699,Tobias Harris,-0.04058294499213225,0.0025880636684647543,-0.15707401439437124,0.015239141227700283,-0.20855515456734994,0.014387020282201134,0.45994763528005583,-0.038831119173001444,-0.03905299296137611,0.04771887272825574,-0.13889746850185614
202704,Reggie Jackson,-0.0703433688391783,0.0009461845129419786,-0.24403393352057015,0.042761306188713016,-0.12078901650508074,-0.01958348736897749,0.3701971482971473,-0.11895993552596523,-0.011217748387290945,0.03276946532086722,-0.24589206481835973
202709,Cory Joseph,0.02322159543592978,0.007650923798969637,-0.2109626324398718,0.04652407855888994,-0.06659862448893436,0.12535031626079052,-0.017132533376170173,-0.14732696451215785,0.01593574089600999,0.00873805119776536,-0.3171429329782835
202710,Jimmy Butler,-0.007906631946953256,-0.0023090093871392134,-0.17020237334542113,0.02961599132644232,-0.22686356059555293,0.002348524025476489,0.5661201297903558,-0.05567873637751483,-0.08392835102339266,0.03018867877904553,-0.24689493806145651
202711,Bojan Bogdanovic,-0.01911328595412508,0.03218104052293631,-0.02954344504184835,0.030186208625136417,-0.25053383099135557,0.05598825399863522,0.5030322947247183,-0.02039587911758278,-0.09741297947326563,0.026191045247584276,-0.1333277574949726
202718,Chandler Parsons,-0.0590040247130853,-0.06767086408951918,0.052889293582797946,0.04832680933559731,-0.3141074065416084,0.15572812143747483,0.4454805401123159,-0.06537134072649779,-0.043749024737191174,0.009541540119017778,-0.2267336698895697
202722,Davis Bertans,-0.0761781783483593,0.004115741196426051,-0.24884283211092115,0.014790518612412552,-0.10085946698781496,-0.06021390911951841,0.45693025691236017,-0.005622082136075641,-0.1836277423167379,-0.001939308468545501,0.0449024565819293
202734,E'Twaun Moore,-0.030850679484838304,0.056957705780078825,-0.22233161768721804,-0.05491963120238023,-0.19883723841719217,0.009103093752957018,0.4955908421718022,-0.05147501482893393,-0.08863658093403114,0.02118015742096496,-0.057648703118437616
202738,Isaiah Thomas,-0.028611508109300535,0.04519931136674771,0.012931054635525992,-0.005842420197425361,-0.07067390758710708,0.31415508574217427,-0.5107791791529307,0.049450222884240884,0.030269122968589565,0.06748467714641539,-0.4127205799936621
202954,Brad Wanamaker,-0.10109000772520696,-0.1527133086347173,-0.22099311027569796,0.18775118655862366,-0.12009457447776063,0.005138527471860473,-2.511045650098901e-05,-1.5001558844137606e-05,0.3733429077189454,-5.174710970942196e-06,-0.0968110939231615
203076,Anthony Davis,-0.006632358810223668,-0.024814179037055017,-0.2265906014003863,0.02154354707432628,-0.19748629779708185,0.009584643279687402,0.4395702464313401,-0.035455122862423985,-0.03184497624749926,0.0425148457356167,-0.2062461315702279
203077,Michael Kidd-Gilchrist,-0.031913574799641624,0.038780064916243875,-0.02652532468917194,0.08139739718397082,-0.301879208918941,0.08011968139986766,0.5649603546571332,-0.09128761129916717,-0.018635303634796842,-0.0029149067988177907,-0.36009304636876305
203078,Bradley Beal,-0.07781872095386258,0.050144705389449186,-0.08414869790676355,-0.0494037138424195,-0.28644350732131146,0.00015287465762514585,0.41754225807888357,0.06400267606655852,0.19728079727584494,0.1233668862911603,-0.06412832610121305
203079,Dion Waiters,-0.07067860368182916,0.05280249078641608,0.04732348840418038,0.007728606941271177,-0.2231234821702517,0.05337386986989247,0.43816317833991447,-0.06356698101673401,-0.043702809972889424,0.034953890101330994,-0.3250361635933582
203081,Damian Lillard,-0.04467795156812305,0.06601046348809908,0.00036070371735609464,0.03227059186152714,-0.20470491170940783,0.08864164859885817,0.308650856913623,-0.04723326509898408,-0.023166484718092153,0.03125389357967962,-0.21372612105096034
203082,Terrence Ross,-0.061684187459911305,0.0188920641671747,-0.1882123303772512,-0.04445092717208613,-0.10526447874802693,-0.0578436910652802,0.38177428982213857,-0.08062765175056694,0.0034140581813637393,0.007359167795535303,-0.17167426959958126
203083,Andre Drummond,0.07371099051678415,0.00510192374613955,-1.1892835408080535,0.0270959848108262,-0.20715457014386074,0.013128877631413358,0.3968856698687354,-0.014723446018019752,0.03835538772810449,0.029930708456012207,-1.6907727386340416
203084,Harrison Barnes,-0.016486368967009068,-0.036028780092900226,-0.04393050198485825,0.026454966735098718,-0.22820459467266427,0.0311022505046595,0.4975094003522836,-0.10222621882990914,-0.015968815786370324,0.031663788815448235,-0.2258331637304034
203085,Austin Rivers,-0.004287274983764336,0.009805571628569574,-0.05408220174354266,0.02699144609381382,-0.21302248935865267,0.09010466116867233,0.3352207043197607,-0.07765843871111748,-0.011379080788311888,0.028509351324406476,-0.35673804422304867
203086,Meyers Leonard,-0.024889508613496824,0.03712254661541339,-0.18993707393230924,0.0442107378990616,-0.09286436233794497,-0.08064092103773832,0.34284150251706635,-0.011252095756645555,0.013572112322112683,0.036058628010518214,-0.12533412988527678
203087,Jeremy Lamb,-0.07564880533640118,0.044499244238278605,-0.27282270694354754,-0.013517078463527408,-0.13718762105995141,-0.025107549063261268,0.3544649317898559,0.027312490166751663,-0.055351684723427455,0.03597878080448286,-0.15409681625275704
203089,John Henson,-0.008385092673337749,0.07211241496074011,-0.4846828486318659,-0.005512296987607101,-0.21805000018968415,0.010081368856411225,0.4458400583400349,-0.04197311017655528,0.007513102609324762,0.11110544456693407,-0.6785429612805989
203090,Maurice Harkless,0.02035143392351168,0.0243643866268531,0.0619975960827116,-0.06619885258901603,-0.3235588234853755,0.10723777404950444,0.49562945223300725,-0.031108812353916684,0.0027824839134035916,0.05743570032549333,-0.46613597069344087
203095,Evan Fournier,-0.06492582678264441,0.03230280929087432,-0.05567611724536021,0.035620943561017894,-0.25219169641216244,0.06514604936551144,0.5657083219597114,-0.1655700363304049,-0.06999966443911247,0.001398777085610063,-0.13878876552898622
203107,Tomas Satoransky,-0.05692740748131951,0.09929672263899379,-0.1991135984276405,0.05545326459869777,-0.13288368495780567,0.016516388717683236,0.22615608906628365,0.015261431156439693,0.02166154430554058,0.018194084105691778,-0.11965560721820508
203109,Jae Crowder,-0.0023726277206384283,0.07275945334069923,-0.05120956355538435,0.030373303690472073,-0.31119527513216344,0.15055941876065915,0.45317000590370765,-0.040977288170607154,-0.0917555996524214,0.06873228804990242,-0.23960484758937128
203110,Draymond Green,-0.023352529523836783,-0.015271729726187693,0.1463018981347152,0.02274562574281757,-0.42357570888744894,0.20517431532728245,0.5513818883443644,-0.021874868240117386,-0.03437238121763571,0.019128440537860645,-0.41499643768419087
203114,Khris Middleton,-0.06665464984029842,0.03128803788061933,-0.1636866873221363,0.004081803022841796,-0.17383536946379774,-0.06916978929094676,0.606080131350017,-0.06015896159808432,-0.10019701999867342,0.010542895599603246,-0.027733688097418836
203115,Will Barton,-0.016987899700500974,0.06084939466596379,-0.07939523972612807,-0.004212160170310062,-0.27419893175157906,-0.026643665978851278,0.5983030625069558,0.045861212574622195,0.010507756842399359,0.02687714786485603,-0.23924615065743907
203118,Mike Scott,-0.05177149344772774,0.03767867305327818,-0.19308040578451616,0.002681576784422373,-0.1471934026333711,0.09984084559066554,0.198247196369457,-0.11601466504314498,-0.01850461920064737,0.053968453107915974,-0.10754716846473221
203121,Darius Miller,0.010855020555357949,0.0018420443625551117,-0.16400086915539744,-0.06418030640554938,-0.24516840839747872,0.07674757790569388,0.6411263388580967,-0.4281365454672889,-0.05992840936733899,0.19819603163610525,0.02933434199955663
203124,Kyle O'Quinn,-0.023420057690216153,0.07723388394934015,-0.27208533377849253,0.019763246972978654,-0.16733891267877415,0.038645814226786014,0.3941273793363359,-0.12477279835692491,-0.05233990653046532,0.015074307822953898,-0.10354536869619926
203145,Kent Bazemore,-0.043732207509087496,0.02272974874367296,0.13193882672646143,0.01677849500511089,-0.28113676531135384,0.1486258078261696,0.41324422150813556,-0.10655182313114761,-0.06559516113960105,0.0783306351673843,-0.3877914740698255
203200,Justin Holiday,-0.04146377804940045,-0.06955796663042799,-0.060469267866735885,0.002218750467742846,-0.11853817615346142,-0.01351057313554564,0.5386131187077439,-0.4339337413336942,-0.019557011783589505,0.1009786741525615,-0.4261922647163561
203210,JaMychal Green,-0.04646109785658988,-0.038555159956894056,-0.02951378592447761,0.03476060083153358,-0.19637800544518982,0.0040443570996912806,0.3535267715758026,0.05508539132294171,-0.04315871281431188,0.25562575018853734,-0.25084301028200395
203382,Aron Baynes,-0.04625876097027637,0.10744371379122235,-0.18163107526907268,-0.020893367864628892,-0.1293378711552571,-0.038380510683345775,0.37267995350253635,-0.022544971573903363,-0.03230075985329801,0.06174839744913227,-0.2576270696355299
203457,Nerlens Noel,-0.018337256978259237,0.07768062209737793,-0.27504899871387833,0.053230642443353446,-0.22178364029710276,0.013340120334050177,0.49577302162250747,-0.03974212674443738,-0.0542716282548898,0.07200873644405988,-0.6276760926918702
203458,Alex Len,0.011839911171936751,0.020943101808290156,-0.03745428879241908,0.061019515129302954,-0.21897616816579707,0.027798306370784145,0.45966349344493695,-0.03988745672635239,-0.030037441544722775,0.009760755996470435,-0.5158204072975112
203459,Allen Crabbe,-0.013358162557219912,-0.006561576289340751,-0.0722442095944947,0.00433719486053074,-0.2548023680261934,0.1344912998177719,0.30769484145461656,0.011749049598969967,-0.032761613096384846,-0.008737916680618298,-0.09416360925047602
203460,Andre Roberson,0.01982446968181923,0.019728231303539647,0.08324817441334939,0.015514068393430953,-0.4645626608950464,0.2019212350710359,0.5772824240606445,-0.020604117052511788,-0.010768881624007343,0.2593606082433768,-0.6296547092380435
203463,Ben McLemore,-0.08361846454171735,0.029503065687094914,0.19213309033649928,-0.004799611226429257,-0.31479096578876525,0.19992655596094785,0.46015654515048043,0.0138887812947291,-0.271972433935653,0.03546654092217929,-0.38074340552999997
203468,CJ McCollum,-0.03069402079689638,0.023018739643710682,-0.16247805047821753,0.014758827720669693,-0.10992000522652197,-0.06797615547907825,0.40703152701405265,0.009085625565270983,-0.0768268910984501,0.016996720032711833,-0.070430408584359
203469,Cody Zeller,-0.011170391299938406,0.014268884402012091,-0.4800219467558019,0.0799826841320013,-0.10973413619120946,-0.09502086190116753,0.4319304172246517,0.016933671856494234,-0.04768594572692203,0.025954807586628357,-0.49123568259530875
203471,Dennis Schroder,-0.02561751416644011,0.033463826559540534,-0.2189485792919851,-0.006515867719675726,-0.057732779822491205,0.04243192609856299,0.06889226477321043,0.03938607888345221,-0.08280968175906536,0.02381636711117661,-0.3148456906024036
203473,Dewayne Dedmon,-0.05263943809670497,0.043386852932242856,-0.2591259146993549,-0.04873985064926834,-0.12312463707263765,0.013996200341092925,0.3494261870750841,-0.0999320530938223,-0.10226589669837442,0.08245480490768665,-0.1849466460624371
203476,Gorgui Dieng,0.00771626759215627,-0.01569874075318377,0.03974044959873593,0.053314287484628124,-0.22755237816494248,0.017925204615004253,0.48229630506911275,-0.05098048672726916,-0.022271358591715,0.08498659294607652,-0.08652722829341083
203482,Kelly Olynyk,-0.004668356160795882,-0.05229943937547562,0.0447971740125634,0.010901092119356933,-0.4344667863034154,0.16816726887467803,0.6754493524634404,-0.09446520918475788,-0.012121113771417811,0.01727842268669804,-0.13023389037280067
203484,Kentavious Caldwell-Pope,-0.0451304354326929,0.01697377813524314,-0.03632560011196385,0.00404784412547776,-0.2712639150631933,0.0839755523935223,0.37769444879691594,-0.022552314749071288,0.08201846886542863,0.020245435963960674,-0.23840272985494593
203486,Mason Plumlee,0.006405208515245231,0.04557232133776434,-0.47177733694212626,0.009591022012424058,-0.23775204516247916,0.03281152922838237,0.5110959676394218,-0.08819840524152515,-0.025074414980444548,0.03663486813556714,-0.83460293771328
203487,Michael Carter-Williams,0.037397384600457474,-0.010772050505011723,-0.22170921968846669,-0.028350505639831804,-0.24762289862962486,0.008472402081529024,0.51864814649178,-0.026194308805594764,0.007104775334332632,0.03828098277187158,-0.5219978770064576
203488,Mike Muscala,0.10499162165139272,-0.020073524707374377,-0.2684175283676571,-0.04944295205415716,-0.1384025071171779,0.051955887180315935,0.21853493690089698,-0.03218523813679265,-0.0804766927410503,0.24617559141608464,-0.12766364457401883
203490,Otto Porter Jr.,-0.0429898580798905,0.037813206297764294,-0.14800987133353946,-0.017018039419119568,-0.26133931347357464,-0.022256720396524095,0.5761586729755283,-0.04392150341346112,-0.013924522649695376,0.29450894807951317,0.09367447382559779
203493,Reggie Bullock,-0.07623504832468686,-0.018640983561219366,-0.10312138461391511,-0.028747520437988797,-0.2717745272115459,0.007188061885166913,0.6711836925822696,-0.03007040309099231,-0.19056543200354756,0.2028651703409713,-0.04301064961556332
203496,Robert Covington,-0.06453470062557573,0.02601741566024303,0.10203536131658872,0.0349967981442408,-0.30818543723183484,0.1630513404866418,0.36654895643550633,0.1073673761156719,-0.13512858101017855,0.04032790637005572,-0.3554813633610642
203497,Rudy Gobert,0.03658182788453101,-0.01774510720303132,-1.5614818805128272,0.021596629578996395,-0.2404631158334664,0.03923740700039034,0.49279025008079086,-0.048035762456740606,-0.05151491456361575,0.05863083580068839,-2.275178153592265
203500,Steven Adams,-0.02907840195110716,0.04937799136378335,-0.8311881702915883,-0.07197167151015199,-0.03982230509210951,-0.0635281027744693,0.28464418457999197,-0.10321262779447549,-0.03075038820003536,0.026167579473834926,-0.6823199811704945
203501,Tim Hardaway Jr.,-0.010177884064868376,-0.06157735245882052,-0.14802446216089332,0.05312850305239561,-0.19302306163944905,0.009735992675406133,0.5051369106560945,-0.02605818027110168,-0.14998324548895367,0.029903508955990168,-0.24472707451315584
203503,Tony Snell,-0.017614789893767354,0.07954651716683345,0.035267881036364246,-0.0664816611558862,-0.19760362387522099,0.09660662516347329,0.4315162718934584,-0.3527318507892655,0.02051213201239218,0.05837494509426634,-0.2706216508169293
203504,Trey Burke,-0.016185455238165426,0.026599880220326187,-0.02344290450277813,-0.06528496342157226,-0.2833094008345307,-0.015880535235510904,0.6111393838015878,-0.0180718483793618,0.050514987315901455,0.022433208410273714,-0.16011412294622948
203506,Victor Oladipo,-0.03450879415756267,0.03217001626653059,0.011509530754251268,0.027290993871520904,-0.237404626642008,0.06373456980255489,0.43149843370977303,0.10522338255540897,-0.17094150055901847,0.026744628361266717,-0.24804775339720597
203507,Giannis Antetokounmpo,0.09296915226243138,0.05815048803277623,-0.15025440678883095,-0.011084521626384024,-0.29679716153346936,0.08233107915648012,0.5333172349827145,-0.06490620197857573,-0.0349503946812568,0.048660128924071684,-0.3814423833744705
203516,James Ennis III,-0.09010987658208655,0.06241751228575723,-0.015644201612155885,0.002666569844294508,-0.3284480046758864,-0.010635604109185638,0.3977037128661593,0.031457165943703125,0.4571019667705556,0.02098854154240896,-0.2007517864057394
203521,Matthew Dellavedova,-0.009335757833664053,0.03663790623019722,-0.025192605082795094,0.027190118138069246,-0.12314657628405191,0.004349262301056132,0.00013167257217561653,0.3995027728486991,0.002629252634510719,0.03805244405506254,-0.3525070288894505
203524,Solomon Hill,-0.011584750087243838,0.012848712470707862,0.019976172893078806,-0.03994621772136171,-0.22488202406468763,0.034291468827361754,0.36766336466496985,-0.020974235844143416,0.06102081274670764,0.1033138514665886,-0.43894155962894044
203526,Raul Neto,-0.023421372469861302,-0.059943363578976304,0.08084661799461444,0.050877221752069476,-0.3794093890960667,0.06077190444819172,0.4378945637045192,0.004338378116988,0.36354556632034685,0.07801082303047022,-0.10178738264755817
203552,Seth Curry,0.02033701294858151,0.04815668159959998,-0.2179160841181934,0.043522916757870185,-0.11275656142641201,-0.00027906286803316965,0.40391787794221123,-0.00655410058495011,-0.24821239291721148,0.035500280773517426,0.03986643579673691
203584,Troy Daniels,0.033156679147009545,-0.07420863459153038,-0.0815904783602945,-0.03190771443885948,-0.01046619524816614,0.027524261599826887,0.0001201327071902463,7.177001644704234e-05,0.020176419831961445,-0.20142706148211018,-0.36262097163987334
203585,Rodney McGruder,-0.03940336269726681,-0.08554173568281968,-0.09604680958824985,-0.04311331478755797,-0.30430382139793694,0.11374160126043759,0.39907111046527516,0.00047391505576558485,-0.018009088733185574,0.23001855778703334,-0.2636207794638364
203894,Shabazz Napier,0.01193486808035246,0.004979411703973556,-0.07987206395223526,0.04380596830924594,-0.13205443869584194,0.0010899199467425838,0.47209897413366875,0.01701486647576028,-0.38961734556770566,0.2677780329425294,-0.33697091720988326
203895,Jordan McRae,-0.03257852059554938,-0.042432063531692675,0.057915289232005604,-0.04575717686342289,-0.2348206475913484,0.09775214657247053,0.26024613283333387,1.3176597168029975e-05,0.004822946166484828,0.25400354797560776,-0.234156113132541
203897,Zach LaVine,-0.0673359213269473,0.07227347135984066,0.1545257151679606,-0.03222931752481983,-0.40933187130359916,0.0460656809619299,0.5783585454809418,0.3823357406141945,-0.05745522652473532,0.07207334792660905,-0.2100552805000955
203901,Elfrid Payton,0.03842996143110835,0.049535758345028505,-0.26574298940810237,0.04778297590557742,-0.15186170629466753,0.0458760697820233,0.4051843788996486,-0.15496763888837528,-0.11598308909213477,0.028301707097253624,-0.4090908410878308
203903,Jordan Clarkson,0.013332831171409376,0.07394948425336702,-0.25715228229149745,-0.036143234138798816,-0.12046694442819911,0.03080673405181026,0.3676838937151636,-0.25349653081556667,-0.044365947840396366,0.08321029984043317,-0.21212470821473708
203914,Gary Harris,-0.10763864350678622,-0.002426481001968457,-0.13842902701082724,-0.02770323562245723,-0.19483354434951008,-0.004503959293266898,0.4559344229861989,0.023539244608895046,-0.07177637192767529,0.019034605815942428,-0.18564170368174762
203915,Spencer Dinwiddie,-0.048570358363064677,0.027009725493616393,-0.22114054582581794,0.06407768721933749,-0.200429717178066,-0.02248501498547064,0.44665927044350995,-0.0004222571939347101,0.04483513058650788,-0.014589325253999268,-0.286724791415686
203918,Rodney Hood,0.0013666196101845317,0.020549165295831437,-0.12920349777612616,-0.03599438496994146,-0.11008137918804566,0.06099546540773546,0.4074430837401532,-0.45883273947591174,-0.016279285441799365,0.029073140767203444,-0.22125022086503682
203920,Khem Birch,-0.00367116383648949,0.013847567884501975,-1.3963129586195675,0.0008408764259704447,0.06149196037205905,-0.16092156341054512,0.2676254082154294,-2.7715880345299712e-05,-0.0700393805461238,-0.21829090434821619,-1.1207680968980909
203922,Glenn Robinson III,0.010514546370944382,-0.021239352865702804,-0.11965654210562537,0.030638127656149698,-0.10356110594543043,0.006541451341790888,0.4314890695909503,-0.3774136216843209,0.014772093186938387,0.00464100658467462,-0.2973203848453724
203924,Jerami Grant,-0.02074714561941025,-0.01266749198197946,0.11682284323303002,0.008084133388803982,-0.3276199170852415,0.1264956337523544,0.49875309704459003,0.030545494808659993,-0.07957863978474743,-0.008700501273888732,-0.4432281905256741
203925,Joe Harris,0.027222037086606667,0.05289738683475018,-0.1931448645735866,0.02387548958756111,-0.08939653534080856,-0.013933034209755687,0.2565020477986982,0.00123295012531274,-0.12554512313811142,0.2066959289050314,-0.01305954949334739
203926,Doug McDermott,-0.008219921261119393,0.057655779353477814,0.02975671910525037,0.008394633910921916,-0.2980050934967287,0.054637865658838304,0.32846614568107135,0.37285009537181746,-0.029798445477457417,-0.011132309845569467,-0.08538869116241078
203932,Aaron Gordon,-0.005635491612547457,-0.013747924986674067,-0.0736762180722092,0.05606361578741182,-0.2619830371965074,0.03368172477350199,0.5396770853230681,0.02013538972650166,-0.08933182700932313,0.026294153302626893,-0.3873373854755189
203933,T.J. Warren,0.04170336254831581,0.03293399682853242,-0.31151622141577157,-0.0036690273648502763,-0.22322545607991875,-0.013215970260292389,0.6026413916561172,-0.02064509990356464,-0.13438823980184786,0.017306131991024612,-0.08576346561566026
203935,Marcus Smart,-0.09849311328978803,0.06739590658087677,-0.11085335437043166,0.018342739993126276,-0.209948415101933,0.025600802379819113,0.41053139651768555,-0.07575959752376506,0.046682291515956854,0.033129003229223394,-0.37974306064495583
203937,Kyle Anderson,0.046806399531520285,0.02627695197296832,-0.3337845700712831,0.02000929594850969,-0.20351209666371495,-0.026341640901140915,0.3435336072906852,0.32702878046473965,-0.08193950924375512,-0.01612032594257525,-0.1461488680177504
203939,Dwight Powell,-0.039772656692947626,0.03902548776065353,-0.2807525939325673,0.02683794769007076,-0.3202454891841359,0.07112653735871888,0.40044361158475134,0.33413060237373143,-0.07634476836974095,-0.01489287408733128,-0.27157234780534373
203943,Noah Vonleh,-0.05213038376579826,-0.028257854981185517,0.02595557373560251,0.08550964678474392,-0.23748445697523074,0.032562342413935214,0.4397843649250984,-0.024662879680630707,0.03438706916414822,0.00219587477287085,-0.5087436289355208
203944,Julius Randle,-0.029172422839222348,-0.02011620888662067,-0.2320409772027705,-0.02875486828340349,-0.296971414079795,0.03901468652986043,0.5555047428337824,0.052683705303834524,-0.05209222444532207,0.04649241391195455,-0.40505975899865054
203952,Andrew Wiggins,-0.04092147671745135,-0.015154312145646368,-0.16972266024790633,-0.018312141621041396,-0.24826624729256105,0.02850050782581266,0.4681980885836095,0.05680201915231908,-0.05108683096554371,0.04433107684048127,-0.2811735250635661
203953,Jabari Parker,-0.09332001663284442,0.010938856326576072,-0.15845497317067966,0.014344805687929573,-0.2159875221344489,0.01656356267600504,0.4845327951907991,-0.07246170505466847,-0.02152251912167902,0.03053141180116363,-0.31691630460287384
203954,Joel Embiid,-0.06666607668979575,0.035993657431913545,-0.26189020994319356,0.028215043781565335,-0.19066095403861735,0.025667105168710087,0.3724064794650919,0.030428215328670096,-0.02888809601681133,-0.05303736152208681,-0.23573947864240258
203957,Dante Exum,0.023714810012225758,-0.017808058973894314,-0.11528935681147492,-0.05635175843208319,-0.23462886373479472,0.03364102496631928,0.3903897043766421,-0.00010532583880689983,-0.00919228454446877,0.25744319025571644,-0.4844856854048468
203960,JaKarr Sampson,0.12713791736336114,0.006131790503097789,-0.16256849631570214,-0.03278853044359853,-0.3132394079673019,0.14704169972466233,0.3429742632839678,-8.008843516019626e-05,0.054362928888648895,0.0640588471538744,-0.534625596770861
203967,Dario Saric,-0.017177300400195963,0.010843987360357675,-0.0459271876597503,-0.010068976962853906,-0.3322706587160078,0.07561077890870906,0.5873798786188721,0.027017922859058772,-0.07551785921059331,0.07286924794221025,-0.2138014871266168
203991,Clint Capela,0.01193279109999289,-0.04915848649287542,-1.6402231273708212,0.08600526978398627,-0.37485035015504364,0.12224898654740575,0.5101284647592477,-0.020528424737379244,0.07910326431471984,0.10306032147396048,-2.619255584880838
203992,Bogdan Bogdanovic,-0.03933740015136356,0.09128520441072693,-0.21858963207720475,-0.0058030747888981275,-0.08705080303929913,-0.09494434532182665,0.3682873966970439,0.011256641385693981,-0.012988764185264658,0.0038829208535708874,-0.09326389501785205
203994,Jusuf Nurkic,-3.29721044456616e-05,0.042727962730314865,-0.14947998172145305,0.022592062867623452,-0.2398087218220471,0.04047632975880275,0.45369180138916726,-0.028984557300565966,-0.010646362617245237,0.042163093974820584,-0.4567965554952216
203998,Bruno Caboclo,-0.095656072773581,0.14358508296106579,0.30294287619629634,-0.09705923788885612,-0.4274391969295756,0.23450092221403346,0.4516407626863529,-1.2331457306637112e-05,0.09062943891374278,-0.18608561479994412,-0.49362531039415836
203999,Nikola Jokic,-0.024802724528232026,0.029877550467515678,-0.4496033537129276,0.1431903961313323,-0.13049035371052736,-0.08073482867158244,0.4572336221018791,0.0006188160174757124,-0.04298764130942846,0.02139275039833657,-0.005302157401914861
204001,Kristaps Porzingis,0.010914728925315944,0.08046340025513342,-0.02546813670422239,0.06625489147961318,-0.19398376814656768,-0.04280246879783457,0.5150689501510215,0.037780881997559676,-0.0653492210327207,0.013595266367240334,-0.2904523111359137
204020,Tyler Johnson,0.0010769034217734698,0.04407188950118316,-0.11930431988944067,0.021883320022861998,-0.24043543775581047,0.028510707852751525,0.29409419606382103,0.3666372340268416,-0.07813113941312755,-0.027801769994662457,-0.1800868073656556
204025,Tim Frazier,-0.0069830195367450495,0.05476672580416262,0.015279496076938844,-0.02962363517846533,-0.37295306831608593,0.04860622129863728,0.7108748646421404,7.057112004399589e-05,-0.009548127140486818,0.017003779786902453,-0.2699712449666709
204038,Langston Galloway,0.03902222497008862,0.0844290618268878,-0.043109306539787715,0.039868395414517456,-0.18248506957178906,0.02423907516142236,0.4944623856035607,-0.4447322101260294,0.09538667898290655,0.2860798100599143,-0.30602269512116614
204060,Joe Ingles,0.012256937934903775,0.04945702174631624,-0.016498352048161878,-0.009867033639666423,-0.2676559213461643,0.08350309126899191,0.9453202349557288,-0.39558572307026524,-0.4109593264352886,-0.059362684374922994,-0.08522764929462873
204456,T.J. McConnell,-0.02458728548268357,0.04673171198446657,-0.2750826787000571,0.1050176974489009,-0.057085775613709935,0.07658749490624771,3.5307258261253955e-05,2.109336053928736e-05,-0.042663331750545576,0.024202677143380712,-0.1720584991370319
2199,Tyson Chandler,0.033579278973597165,0.049600688626135474,-0.08895952544266271,0.035046173073730216,-0.2959842433585804,0.03154303899167617,0.5292576877192718,-0.01479705553595418,-0.010163787715817203,0.2877406663995161,-0.46928574182253896
2200,Pau Gasol,-0.05991810171524169,0.0010096894146614372,0.03853204166944304,0.05861980970391699,-0.269993345445705,0.032956010444231035,0.5342942548993613,-0.02105413401571801,-0.0218833413385251,0.04718272999303886,-0.069626906614876
2403,Nene,-0.07052163397046397,0.03819537893264937,0.20572807121807937,0.014467547749795695,-0.3824329082282263,0.17111247256050305,0.5326905430447204,-0.08697945711865075,0.012990861963034128,0.03653690097705668,-0.19621377367449716
2544,LeBron James,-0.03138468460866294,0.03500724868097172,-0.07764354758283872,-0.029826488258161074,-0.3568513184036628,0.11185149014578433,0.607250314513406,-0.03291477320808918,-0.06139645187914828,0.033503352683261635,-0.0852540854642685
2594,Kyle Korver,-0.040715290013857125,0.0408325634482655,-0.03758791850180113,-0.04799245122023755,-0.3167646559760979,-0.05925886906565066,0.8797100057307174,0.035833141390945907,-0.16780733039530654,0.011392963944941029,0.11259528764591617
2617,Udonis Haslem,-0.03883448838843625,0.01992811518345889,0.0852409400685632,-0.020942841060460855,-0.3076315126917836,0.1322719655394405,0.4006310880668468,-0.030182564544440727,-0.026452365149925106,0.2060777635556029,-0.0646431826530387
2730,Dwight Howard,0.013127487638231579,0.0030846285616098422,-0.27238317328701345,0.021780295738941795,-0.29021172610830004,0.06878912479962868,0.5457862788320373,-0.07101425726943887,-0.02743231551155351,0.038967309212519084,-0.5936809288937579
2738,Andre Iguodala,-0.05833144097281408,0.035642001980511255,0.07891103740865478,0.03931418895365863,-0.3290213437056685,0.03721792056207575,0.6563080806147139,-0.009720819326870097,-0.044129934949871635,0.06762580264935407,-0.29134884014639273
2772,Trevor Ariza,-0.056111642247097096,0.012180325754839598,0.2256088456042249,0.009795770565759513,-0.4052391009011015,0.1323366729680312,0.6572046388083069,0.0007050985035271933,-0.0759029607721842,0.05162601641694736,-0.39116252116445066
