PLAYER_ID,PLAYER_NAME,PERIOD,REMAIN_TIME,DIST,ANGLE,COMBINED_SHOT_TYPE_Jump Shot,COMBINED_SHOT_TYPE_Layup,COMBINED_SHOT_TYPE_Dunk,COMBINED_SHOT_TYPE_Tip Shot,COMBINED_SHOT_TYPE_Hook Shot,COMBINED_SHOT_TYPE_Bank Shot,INTERCEPT,CLUSTER
101107,Marvin Williams,-0.05093992981506569,0.003051317003341113,-0.13307002037497612,-0.0060877969796841284,-0.21576145324524296,0.02426859866356352,0.13698108955486418,-0.0059304257256344245,0.0015866736372941433,0.040387389729090784,-0.2038922733510816,2
101108,Chris Paul,-0.014261224801713497,0.0938128896876374,-0.42174800919364425,-0.003554747741949018,-0.18109534936595476,-0.03801477951537796,0.1745562861466066,-0.10215302462221117,-0.018836148300469542,0.05946161851110614,0.052137957377957185,0
101123,Gerald Green,-0.0307367757403465,0.02833759215341778,-0.3295297653907988,-0.017006708224171028,-0.10528036633947707,-0.03526185830328662,0.12269044363078237,-0.06411895165764665,-0.061494092935961336,0.02480154505498703,-0.25525343217799035,0
101133,Ian Mahinmi,-0.055356798031718384,-0.007705725454465779,-0.524380964047812,-0.05832362485674768,-0.2824235683908176,0.09866995885283264,0.14240859855903387,-0.04464146182481297,0.01726880091904971,0.034681711415787665,-0.5524055719512747,0
101139,CJ Miles,-0.056500543227656276,0.02334012672902946,0.04513358327625428,0.01985860406868875,-0.2594397380686018,0.10115310202808027,0.12688165121530462,0.036995971812462336,-0.07271048223198891,0.04411540476350197,-0.2849447602548576,2
101141,Ersan Ilyasova,-0.044741631031406236,0.011157085122316186,0.07695946306552227,0.01566663757937726,-0.2793204766030972,0.1338050433996782,0.1271501236010476,-0.07317195143138176,-0.00890815082991269,0.06837394949148516,-0.2010465762145197,2
101150,Lou Williams,-0.009821500676073113,0.05237663772214403,-0.26013665859525875,-0.017329278346742208,-0.20858598575552925,-0.0006870735603024412,0.16037181462430514,-0.08046035291954677,0.0119869213939594,0.04439125225393787,-0.2026583916373931,0
1626143,Jahlil Okafor,-0.03656757936110817,-0.06645667954365246,-1.041104788404196,0.046141055574021234,-0.21869881100866287,0.03436925623829714,0.13398235237324663,9.279423524300955e-05,-0.012993398440247637,0.05000662807950184,-0.4572212113282054,4
1626144,Emmanuel Mudiay,0.01627164930859509,0.07809714401806787,-0.18848078646570013,0.022484101911897737,-0.15137417004433906,0.012692890296300729,0.13985133647497242,0.00015833832907550982,-0.19530545539822905,0.050857803525253334,-0.4087664550015987,0
1626145,Tyus Jones,-0.034432721665201865,0.06662514840548406,-0.5383198022367112,0.018279671914382116,-0.08711768921127916,0.028235212890226336,0.03945663214808305,2.904802158213337e-05,0.00548604981010617,0.05240941836433885,-0.3042950158835205,0
1626149,Montrezl Harrell,-0.0425796898185053,0.09338398613247327,-1.7109140439306745,-0.004124555987325454,-0.14963686102470192,-0.033208852681705016,0.12548704492730814,8.533158060372971e-05,-0.0024210404828702288,0.04399873951627669,-0.7504227420305212,3
1626153,Delon Wright,0.036337737726916494,-0.0053051673499601255,-0.4268140929018955,0.004534434929382805,-0.2523890461962742,-0.032426193559399005,0.2198370453114948,-2.794244576196393e-05,-0.08811516212899917,0.011853626962584069,-0.2936476699340065,0
1626156,D'Angelo Russell,0.007667749598588694,0.027694669237419263,-0.4844549150043824,-0.04998925402048695,-0.14628674304514805,-0.05374926964063936,0.14953300763520594,0.020301335807536208,-0.09138488978780512,0.07365619856298229,-0.1631056588612011,0
1626157,Karl-Anthony Towns,-0.05301409090221512,0.04256933936901253,-0.2694697377979277,-0.003155695294188505,-0.21485493417856225,0.027921807000472764,0.13522778391354592,0.0016669530655394195,-0.007732761263685449,0.030563051745272282,-0.01273661101196478,0
1626158,Richaun Holmes,-0.05902591275943411,0.035057942821360634,-0.6407754449197408,-0.009029501718270024,-0.22047959591423785,-0.016427320460753462,0.1761196167315646,-6.370624309500432e-05,-0.03573247802388037,-2.1975142615003895e-05,-0.34967888987604595,0
1626159,Justise Winslow,-0.14284520615523644,0.013064830231880882,-0.3558956275169269,-0.0749603553536986,-0.14496128317770235,0.0016487122394007825,0.14194140373837696,3.9446668243965264e-05,-0.18977091479786368,0.03861229527011927,-0.35540225248664137,0
1626161,Willie Cauley-Stein,0.016435708826847983,0.03156853983282066,-0.25230432519620843,-0.03082971301637215,-0.2210720078208688,0.03113662789082277,0.14524376821997687,-0.00020039167950157443,-0.047127534783586764,0.05149230370258255,-0.4501139542350077,0
1626162,Kelly Oubre Jr.,0.026320581810661187,0.01150196905486243,-0.4591103669092476,0.04714568710084217,-0.1302317869808517,-0.06926785741881779,0.11705314145946168,-8.247245080985255e-06,0.0034000633200514797,0.2684176160906752,-0.3763228793609875,0
1626163,Frank Kaminsky,-0.011146065442054551,0.0599156500574119,-0.2998538478751249,0.046585208779441584,-0.20777828690945965,0.0028532615070034424,0.13419104152898484,0.035243540603850765,0.00669222171240457,0.05525263050508733,-0.2735267354915973,0
1626164,Devin Booker,-0.030944997122585693,0.00845998621835525,-0.496484047778181,0.014707206107547253,-0.15295227263948888,-0.015447664186486175,0.12041362645785299,0.01821840877995173,-0.03071488496848952,0.026373075122598025,-0.14031065088873484,0
1626167,Myles Turner,-0.02114621460841469,-0.007848124624160879,-0.28235080121711803,-0.032645962093205215,-0.203879182699832,0.016836401117515953,0.14599674173607133,0.01065637834852513,-0.06758820404079544,0.02800280953520612,-0.08230854832997048,0
1626168,Trey Lyles,-0.006043113263934903,0.03337525758499135,-0.15470744248343138,0.06449281774356813,-0.25786556556887835,0.05088256287610796,0.16719276969338256,-6.202177070042963e-05,-0.06204086425821275,-0.016114549526181906,-0.26830886902857976,2
1626169,Stanley Johnson,-0.01989160673043913,0.11052940118591884,-0.2932180956731312,-0.033097189185059175,-0.2220838830246641,0.03140379901473976,0.12041315514726976,5.155733422601894e-05,0.04527209453212337,0.11919434201342916,-0.4470701931086271,0
1626171,Bobby Portis,0.05560608074563873,-0.034303112811346,-0.4711388439945257,0.010197590687987349,-0.1067345359710558,-0.028063149176708584,0.09513322840404474,0.029519348107079225,-0.035453455253766766,0.011526103251549787,-0.2295164337162324,0
1626172,Kevon Looney,-0.051889353895425414,-0.11140887300446167,-0.3284536333636639,0.054207126627170026,-0.2030096131816261,0.0011878669132258505,0.19309549655307978,-2.3468961640289706e-05,-0.2937160007711058,0.2293901044891252,-0.4150220299113397,0
1626174,Christian Wood,-0.05707693004990023,0.08172871712730066,-0.44543248820185743,-0.06683634645660759,-0.1714604611004696,-0.034778078633712343,0.15408601099899483,-1.9674513606708394e-05,-0.10852459365193227,0.20447434820606453,-0.19913103526630296,0
1626178,Rondae Hollis-Jefferson,-0.007263490993328982,0.0245851330794103,-0.7814904174935238,-0.04580374284085917,-0.13071460630343512,-0.0652421295070912,0.1625405879686102,6.571617494303504e-05,-0.11113683598116836,-0.04232106517230546,-0.4894809600743038,4
1626179,Terry Rozier,-0.0491884695161597,0.02360796322973701,0.010684392411045726,-0.06183453856527465,-0.17516914309924275,0.0041351650064328635,0.14867155747984326,-8.662284750414692e-05,-0.12582072242871864,0.02709100174356984,-0.3792504085012189,2
1626181,Norman Powell,0.026075264991865917,-0.043143168479913216,-0.11425906491987335,0.009893045524176271,-0.2421066728914319,0.05436258539036218,0.1558858112530826,-0.00010252533998517653,-0.09313331956107136,0.04953098389199022,-0.2828534113023543,2
1626188,Quinn Cook,-0.060648323750339427,0.04394817112397194,-0.3866377878287814,0.07823322952811275,0.07650670417145725,0.1228511189413848,-0.15592123592231744,-6.792932247393237e-05,0.018123984136912068,0.2684979323310947,-0.1457088847112549,0
1626192,Pat Connaughton,0.011931129099335731,0.001094018850017838,-0.1625967853604076,0.056535878478802475,-0.2322147235561425,0.07825835143048894,0.13569199123202924,-1.1935553306766265e-06,-0.08632242646342253,-4.11710804813629e-07,-0.29144669712691884,2
1626195,Willy Hernangomez,-0.002167240465121014,-0.13294921659807296,-0.5602523112446121,0.03539654097050853,-0.16550534080487822,-0.021879623302519875,0.1395416462599352,0.0003013944433084253,-0.03612015404109551,0.009779961722258286,-0.34095946704794106,0
1626196,Josh Richardson,-0.08007941789400935,-0.05067664472020975,-0.2339868263617413,-0.05218684781746637,-0.16056818190523767,-0.016750411801753292,0.14636191954947267,0.026506967319701532,-0.12810422999505305,0.029126062376223574,-0.206322775998948,0
1626203,Treveon Graham,-0.016635023061058463,0.07438123535393756,-0.6295466544387162,-0.04963801257444711,-0.01003793195213481,-0.06449337990903532,0.15199351711685583,-1.2135455809219692e-06,-0.4692111660651801,-4.186063390338372e-07,-0.3509904412585804,0
1626204,Larry Nance Jr.,0.028564214148132563,-0.0003438826145197935,-0.28438541784237614,-0.06313039783196309,-0.24322039567011924,0.07417888799807691,0.13446367616432922,-5.778770838057198e-05,-0.03867263399533076,0.015954965939713257,-0.2783152319695624,0
1626209,Mario Hezonja,0.03219381117927293,-0.008663926771522714,-0.6089351631291576,0.05523534799100315,-0.09046927121550448,-0.09306032105612784,0.13282718034021698,5.732843667393318e-06,-0.06043747932568792,0.05961865088010061,-0.3061313938668769,0
1626220,Royce O'Neale,-0.11523869066363225,-0.10091187694001573,-0.009731235730271388,0.0478649608787886,-0.1201807645500942,0.12630310794743607,0.09581534369414353,-0.00016115570865446414,-0.4055654135453993,-5.558983717842345e-05,-0.3090470953167714,2
1626224,Cedi Osman,0.08295482995694488,0.0455574846213301,-0.4318142812376469,-0.06760017700078201,-0.19476187184120455,-0.00899486358650152,0.14523416714732543,0.017083811681146564,-0.08435218662970828,0.20890860863920568,-0.16506262559381835,0
1626245,Cristiano Felicio,-0.053568772183834615,0.0817033581788848,-1.1955340887324215,0.0046493344490911035,-0.12599155904859158,-0.04478323631073123,0.1235109894782973,-0.00016448796735561762,-0.08631214964384958,0.19735795189248906,-0.4442448915865508,4
1626246,Boban Marjanovic,-0.033556081132687265,-0.0648941010422078,-0.8267958088263178,0.11538638709421248,-0.2499019497740224,0.1094556787311528,0.11766041191237314,2.916754854335813e-05,-0.04990039025010816,0.0395117931733298,-0.39503914663711215,4
1627732,Ben Simmons,-0.012579185118520091,0.05583109502700282,-2.0969925783491754,-0.11823188211744133,-0.15310960959951164,-0.02657369398472782,0.12899330773740333,2.779318410565143e-05,-0.009223486293147808,-0.0075843738479063815,-1.0068540977511016,3
1627733,Dragan Bender,0.046499793683111836,0.0580173033303896,-0.5566220566961814,0.044146589446617014,-0.21601913257958935,0.006065002615796802,0.20320211334326052,7.297551463523166e-05,-0.15679049227881092,-0.24685773049844706,-0.2629326271908071,0
1627734,Domantas Sabonis,0.015031695020269194,-0.04279156015674447,-0.20601261180632746,0.032962372739283256,-0.2787803190790677,0.0837265314322183,0.15374743576197383,0.025841565375476657,-0.06153303950913892,0.013989883092996288,-0.20195290883763412,2
1627736,Malik Beasley,-0.07173657645248692,0.0398728662654924,-0.12724600565774868,0.1054918238707161,-0.1801394824087965,0.023013941492513245,0.11326052431756695,4.373509109628594e-05,0.004748579104170075,1.5086195910940591e-05,-0.1495001208719195,2
1627737,Marquese Chriss,0.01598948874241244,-0.0898694385398433,-0.5032812362714676,0.039708156147076616,-0.07719223572263881,-0.06515637570962232,0.09081461543083068,-1.2801157891559664e-05,0.03032700569176535,-0.013775039207089355,-0.5452444750348873,0
1627739,Kris Dunn,0.008219038449992208,-0.021940854614571667,-0.5108130426615023,-0.016208759022209578,-0.1251425176894923,-0.07067843666236355,0.12565185730456543,3.442973825249331e-05,-0.029539768470244667,0.2119542891970886,-0.33564793228083395,0
1627740,Henry Ellenson,0.17734694449134145,-0.04018141649223452,0.28867227516505517,-0.07456468690844324,-0.40836177738140106,0.08905734424825447,0.24411450587814046,1.9216274693778917e-05,-0.0376515621706562,6.628555639098314e-06,-0.5580011425770639,2
1627741,Buddy Hield,-0.056850749369861876,-0.008859625721283697,-0.05575134252729096,-0.012796668191285549,-0.2268601036633933,-0.03211018852429021,0.19993434075344807,0.011144780778756844,-0.09511978965155377,0.021475307343658705,-0.0888149601549708,2
1627742,Brandon Ingram,0.06403449783831833,0.08588685977356253,-0.2956792148762015,-0.013192129105524971,-0.21127353692340045,-0.01920116503059703,0.16172107933057597,0.024116199892583515,-0.10200918709201423,0.2682470719497158,-0.2028345207218069,0
1627745,Damian Jones,0.05367259999743737,0.1159719460989917,-1.382025242766865,0.16960985447152785,-0.08715846468383237,-0.12183311488200875,0.15161106534406374,-2.4858958978447407e-05,-0.0542189209963261,-8.574970713531683e-06,-0.700572944741352,4
1627746,Skal Labissiere,0.08722974211551901,-0.13279351497396635,-0.01417905620682713,-0.10854544859240348,-0.1504994836994715,-0.07909617162096891,0.16873137705379448,3.6649571486799873e-05,0.018642188710482958,-0.20912304237565907,-0.2879812987602836,2
1627747,Caris LeVert,-0.05139467621681818,-0.14773823161385347,-0.4559411511693376,0.012031875881996359,-0.2325524005343519,-0.07849970525737532,0.22331860599646358,-0.00019708182127219564,-0.028469119168176214,-0.011098423822765208,-0.2699418422377325,0
1627748,Thon Maker,-0.058927022752115976,-0.09866818258736017,-0.1709330074700644,-0.06571067752106796,-0.13751018072420124,-0.02421482472071241,0.13812199991631688,2.2001045244507934e-05,-0.03149654155917258,-0.24200431501303465,-0.4155344225014828,0
1627749,Dejounte Murray,0.11700139074717425,-0.010014290241025231,-0.986841562780937,0.03607641439932272,-0.11781234955015715,-0.10279386964675906,0.15537102233058128,4.182493542882279e-06,-0.026436882811034217,-0.0007245663225643007,-0.4737632090543884,4
1627750,Jamal Murray,-0.04222953033576824,0.07779323053407709,-0.3718648368770032,0.016258510554925255,-0.1332121723289095,-0.037569373957337074,0.11626923138274436,0.019107595688749472,-0.0788194808807118,0.2282491263722445,-0.1628167283295279,0
1627751,Jakob Poeltl,-0.06273480712950892,0.06325081408678232,-2.1614410417938608,-0.12122863030156902,-0.0017553589029379961,-0.10955226880907334,0.10281879545840679,-0.00011561540959771546,-0.050933997985101176,-0.28956991015221023,-0.4149590029444679,3
1627752,Taurean Prince,0.02183620754609427,0.07319954102435189,-0.1454544003904778,0.11166547513198592,-0.18616528433736687,-0.019069038079187663,0.15475681747615896,-9.945069608184804e-06,-0.05796975232514112,0.04721852874848584,-0.2637113274223813,2
1627756,Denzel Valentine,-0.033974852716736684,0.07265297491095378,-0.11375445445707835,-0.016187676378058954,-0.1529415307335284,0.10132834240433976,0.046173018574993833,-3.115225814069685e-05,-0.005455015288559738,0.0036323387794287686,-0.2441898775047553,2
1627759,Jaylen Brown,0.05065405175423352,-0.057010942745772376,-0.4475232789216874,0.003169498527921252,-0.1518362650764894,-0.047793629152117115,0.12184860304523314,0.02544339999977341,0.04091341577517197,0.03917262508712428,-0.19718206305773195,0
1627761,DeAndre' Bembry,0.01573337324052341,0.04681545018396357,-0.6570424888126201,0.11119790393186556,-0.13707928628396468,-0.035678629006999384,0.13514904162679245,-7.250190614048399e-05,0.0011168624887620156,-0.2040784434933654,-0.4885152304109898,0
1627763,Malcolm Brogdon,0.06875420792254387,0.013544056645327691,-0.15687963563585486,-0.03492430928444774,-0.22678095515139385,-0.02116004424158722,0.19216576733485838,0.012412356647387398,-0.10090081767130524,0.04639502764891912,-0.09963438468134933,2
1627767,Cheick Diallo,-0.08355432600929495,-0.010846951931482048,-1.3978183723983877,-0.0005469782209479977,-0.12983856324460438,-0.09280260026280583,0.14451274398651284,-0.00023631792430096183,-0.025911384948221646,0.18100395714813827,-0.1333277218723255,4
1627774,Jake Layman,0.01669266901336215,0.08400909898082078,-0.8129184110653898,0.08038555742262858,-0.08809155199774363,-0.029301089559929626,0.11759385874618979,6.716575589233104e-06,-0.09642617460407103,-0.20343584303582132,-0.26691330062559226,4
1627775,Patrick McCaw,0.07234516791051042,0.0862815052380401,-0.6721929386119703,0.07475470233540367,-0.15536862556320508,0.09969961610932003,0.0765242723798829,0.00014149854117996065,-0.20677603923166465,0.23976346151147854,-0.40845322432277015,0
1627777,Georges Niang,-0.23007111580158054,0.0904413182227372,-1.2307913707602096,-0.3893585709210606,-0.04249540084030986,-0.1436522111971444,0.1466788639025612,3.4889853038914975e-05,-0.12303617023693288,0.0282531137716848,0.18210483353746487,4
1627783,Pascal Siakam,-0.04967435309678533,-0.023899748120532995,-0.7743068360443058,-0.02031356271654796,-0.1845028944543478,-0.03749797167298896,0.16128212238233236,0.022463028540403638,-0.043077827746484464,-0.007662104235791739,-0.17447663801442365,4
1627788,Furkan Korkmaz,-0.01509002972240156,0.005076057177817017,-0.6643178015490971,-0.004736067305351989,-0.1257742102715693,0.01131785902815433,0.0895393909823935,-0.00015026910223889866,-0.03012732176141676,-5.183455799454189e-05,-0.17126612217575699,0
1627789,Timothe Luwawu-Cabarrot,0.024299909769934173,0.091917939558682,0.3691659953955952,0.06315411730038112,-0.2644604753069854,0.31845086959622865,0.06052049768956069,-0.00011247191786633628,-0.34489486575999456,0.04586383133080387,-0.6935249005183685,2
1627790,Ante Zizic,0.041490231183758386,-0.03513554707896609,-0.3324420311547204,0.044146446719284894,-0.31163846234349296,0.11652407883683732,0.15376751790721252,-4.067388741130961e-05,-0.018513897199481787,-0.007030324752473186,-0.35000732617222924,0
1627812,Yogi Ferrell,-0.01165497069498165,0.04805037710246887,-0.4998022354034374,0.011093459990022243,0.06547962842264825,0.05648409652385194,-5.455000866164453e-07,-9.776825402666705e-07,-0.3818334896597641,0.026661174913974985,-0.2901140896564511,0
1627814,Damion Lee,-0.09683139389034036,-0.07529151016973422,-0.6940892842766819,-0.09691028466158144,-0.10800991533456804,-0.08040618259358881,0.12828171245981473,-4.8825792369484277e-05,-5.284026890812819e-05,-1.684220727010116e-05,-0.190769511345102,4
1627820,Tyrone Wallace,-0.09455470083462887,0.05107497376462309,-1.2402422535832653,-0.04377566934239845,-0.15890013834868133,-0.1797710153784314,0.2565855835746378,7.278454978335728e-05,-0.0586166606719331,-0.22197770921050966,-0.485944472834501,4
1627823,Juancho Hernangomez,-0.07337772065376795,0.01876479138569536,0.08175783505829817,-0.00984316438009617,-0.2545989277283524,0.1050003521246402,0.11740272598979902,0.00041631150725697963,0.06630939227857675,-0.23002903667461824,-0.3199665173374439,2
1627826,Ivica Zubac,0.0543663983622418,0.09402918294239697,-0.5853361566282999,-0.08925634415037352,-0.17605915238985798,0.002165174857105526,0.13027134963628534,4.756563343994162e-05,-0.03288500022169317,0.02254098073488316,-0.4492517247945349,0
1627827,Dorian Finney-Smith,-0.0671023465525165,0.076231577164431,-0.057644904001320135,0.0923015699437862,-0.23314038621075797,0.05242423585092797,0.1364778089301752,8.278463480232564e-06,-0.03740558082494976,0.07531734864365318,-0.5014567145752445,2
1627832,Fred VanVleet,-0.12275542488991455,0.09827091981360676,0.3008147102851987,-0.11819817995197045,-0.17239926286309018,0.1421338517182343,-5.307883316014411e-06,-9.513151290424687e-06,0.13054202357473818,0.06080236418919295,-0.3946812310625842,2
1627846,Abdel Nader,0.09295134675362024,-0.08606209043285774,-0.2873872140417188,0.03315319937082422,-0.04516403216953333,0.05511800879873234,0.09525569625450055,0.00017246617691511732,-0.513373288459863,0.21984808319392893,-0.4781313797815969,0
1627853,Ryan Arcidiacono,0.14640689351118105,-0.07000975735673944,-0.5558570655225726,0.03084919045467157,-0.03233800357886714,0.10792774423812056,-2.748779687488463e-06,-4.926550845233535e-06,-0.204355614874988,-1.6993885082805583e-06,-0.2204346927675716,0
1627854,Bryn Forbes,-0.008584528394732841,0.07010426225681593,-0.4350296955141564,-0.0205995835249342,-0.08364514472683658,-0.10672229906987532,0.05695584248715782,0.005976253381197383,0.3832776462456748,-0.21665686013992166,-0.08958759586237659,0
1627863,Danuel House Jr.,0.018440783184439816,0.04663736880926736,-0.7320368683618464,-0.040913658015591985,0.061051553301382726,-0.013420713913619296,0.08184886707179859,-6.261893627998086e-05,-0.528290829720794,-2.1600081692180442e-05,-0.1724400157141956,4
1627884,Derrick Jones Jr.,-0.021110230539038655,-0.08159018291154715,-0.3214930851603948,-0.003418795023965086,-0.29561638012107144,-0.03741019719801568,0.13235633036040992,-1.9371557673480977e-05,0.4645899696808803,-6.6821197090498235e-06,-0.4991017466254629,0
1627885,Shaquille Harrison,0.046976358943755334,0.024938227398406943,-1.0322589677136371,-0.049411988117926985,-0.003893968300267023,-0.014011113862636142,0.14508588028818983,-4.380239594942045e-05,-0.5348781737037659,-0.20772681105980453,-0.6546502749522719,4
1627936,Alex Caruso,0.0366922095678682,-0.18248829466284056,0.2910410754535116,-0.2899421706752446,-0.347616278806307,0.2431593778347043,0.10147362486532996,-5.881199749221245e-05,-0.03083124141699965,-2.028689763494844e-05,-0.4303823068120813,2
1628021,David Nwaba,0.0836635230879929,0.043714995205916735,-0.5684551826692961,-0.008772551973129185,-0.15093953626236292,-0.07396124941471642,0.1697317250870206,-1.065805939438701e-05,-0.07551557972798227,0.02631528403130341,-0.3230919734939268,0
1628035,Alfonzo McKinnie,-0.053447350638800316,-0.14106185889395292,-0.304750516046791,-0.09928082966382132,-0.20238447391018216,0.03572040915118845,0.1313134506568113,0.0001191775840639311,-0.10891660584927128,0.20829713171854455,-0.3492731121256329,0
1628365,Markelle Fultz,-0.09285121975317656,0.0735835851350416,-0.875799902480865,-0.005628291290018186,-0.1254046681844974,-0.013091074097676144,0.11996239365799448,-0.00010877181366792621,-0.16572080459054728,0.20595593801071374,-0.4694856859282627,4
1628366,Lonzo Ball,0.047286031585547283,-0.01908884993920813,-0.013835055998644485,0.004015208613578975,-0.18099805527813564,0.09469011987735444,0.17573183960245484,-3.837167028812247e-06,-0.4795749534510285,-1.3236111356726542e-06,-0.5396570577255747,2
1628367,Josh Jackson,0.00965551707218263,-0.07493749279631956,-0.5268462780071866,-0.03952991185319471,-0.10486782597409992,-0.07833686588130596,0.10452399537253858,-4.418422370683579e-06,0.006697556845416722,0.2600108059041992,-0.4714523774488146,0
1628368,De'Aaron Fox,-0.053047643442012106,-0.04151105204566708,-0.5412934149671074,-0.051966652616107306,-0.17152697495741046,-0.031646855464388834,0.13208637501106538,8.98690954162371e-06,-0.020974183120903475,0.21371247798259854,-0.30925590491608423,0
1628369,Jayson Tatum,-0.011426178467414129,0.03157129969307905,-0.2200711077726748,-0.07307926955883289,-0.16301716709719505,-0.05458645073378912,0.15672105181995108,8.154067269780334e-05,-0.10112669551192456,0.2353413787192351,-0.2054240289439968,0
1628370,Malik Monk,0.0550049377632335,-0.0578680993691256,-0.31039693050854855,0.09530740498121963,-0.1986207124749872,0.040772253370975294,0.17469220153437867,-1.3836679110981625e-05,-0.2636440514272983,-4.772891666595378e-06,-0.3676905871352137,0
1628371,Jonathan Isaac,0.0165388263655122,0.060034175143297626,-0.4667374752836807,-0.06262712630205337,-0.12275336148569023,0.015263922308412791,0.12097978331199193,8.604304609936668e-06,-0.19328657732053373,2.968010852925833e-06,-0.3984014560603693,0
1628372,Dennis Smith Jr.,0.0054985941775219215,0.04799271298573293,-0.2851516616928006,0.09828735167869884,-0.1973346573159369,0.02643569213807761,0.12385169195622614,7.701441598471167e-05,0.07098884789470837,-0.21050420549516446,-0.4477343250498581,0
1628373,Frank Ntilikina,-0.12163320123895502,0.09417983503640932,0.009634170520874522,-0.19036220512721946,-0.2056198162247989,0.06715041652817752,0.08888156664190174,-2.1115382871939465e-05,0.07089673995946881,-7.283643288857491e-06,-0.4601589900100511,2
1628374,Lauri Markkanen,0.034102640502069466,0.018627280433128075,-0.4588523672998987,0.0825838137678465,-0.08348437647212915,-0.06347683135338425,0.14117508727444458,6.6777867485738585e-06,-0.10226534907479813,-0.25799751929213005,-0.2882237214012444,0
1628378,Donovan Mitchell,0.0060359500761968405,0.06848237345487591,-0.5159619341738746,0.002927011105446879,-0.06088032650151804,-0.026815585104081538,0.09872386578545907,0.02959501114879973,-0.18925996162726108,-0.03218622859961743,-0.2301419549636445,0
1628379,Luke Kennard,0.02688294534822631,0.08703832695203849,-0.25514471783487924,-0.07094256422984528,-0.21276019984650912,-0.07051366884974952,0.24000353129472515,-0.001449506400684006,-0.11690239192794342,-0.2345706739653549,0.0024848974153229967,0
1628380,Zach Collins,0.07312302115052667,-0.03270867915707696,-0.7989519273058272,0.018484256869819686,-0.10800122177283372,-0.037503453126947764,0.10191716195928509,-1.0277621129292295e-05,-0.09368433793491683,0.2767399361507209,-0.3661418969414472,4
1628381,John Collins,-0.10320629869429528,0.0385819658132148,-0.8322217763415773,0.045868619571902934,-0.09366512733413597,-0.017910270524276437,0.10198964188183972,8.165822393293054e-05,-0.03495661817377406,-0.22093931436747086,-0.3158224629291253,4
1628382,Justin Jackson,0.026754535186015685,0.09540018221676223,-0.8133474587094971,-0.07767754261436285,-0.2677263219553357,-0.04106448289966913,0.2577155170109626,-0.005063668554362381,-0.1757723038214638,-0.0017466865605484092,0.03412504389479545,4
1628384,OG Anunoby,-0.18618386287594624,-0.0660982545602879,-0.23952053990578784,-0.018958033356603204,-0.21280025676376746,0.05706219451942982,0.14187683261801912,-2.136208249841696e-06,-0.04256339113637083,-0.22722850955630985,-0.28236149660960586,0
1628385,Harry Giles III,0.07085705716735341,0.008056392060886593,-2.169311476982406,0.010490840369058313,0.07307600856630701,-0.19240075252836805,0.07723699981951457,5.749010798691565e-05,-0.10009282872055746,0.2028329443374461,-0.5977403468087782,3
1628386,Jarrett Allen,-0.06939165110882294,-0.09547693885058706,-2.3344260475991865,-0.03664217698179674,0.0046288661846096615,-0.1434108658398229,0.09556283749384954,-0.00013179630576272357,-0.034687783675624924,-0.0036658999633369365,-1.0483670333176138,3
1628388,TJ Leaf,-0.1441821370756432,0.2255093490140423,-0.09641653630233586,0.04874391142666649,-0.4181826972396866,-0.02223522704893484,0.3149248075945909,0.0037109259117779204,-0.08061236879762815,0.21587704655219714,-0.05364665603951298,2
1628389,Bam Adebayo,0.03643864863193855,0.043775605029538985,-0.7987545105578506,0.01240971110121514,-0.16438784376774318,-0.0706619131245265,0.1593026143048478,-1.1338302073020793e-05,-0.07507000809317327,0.2747945985461369,-0.5350910938556236,4
1628390,Terrance Ferguson,0.014696400694269897,0.026308434343564426,-0.13187868919591988,0.04640790278496905,-0.18475555163365984,0.17343063622690374,0.10436366964722303,-8.271083868826993e-06,-0.3705540699294834,-2.853068063297248e-06,-0.2777801277218679,2
1628391,D.J. Wilson,0.034913736072998684,0.1184665045888861,-0.2908795863947826,-0.1809741142503788,-0.1674186147792749,0.0593113003853501,0.08873523859961363,-1.5146097697807725e-05,-0.029434291653102105,-5.2245689089135735e-06,-0.2069998657535196,0
1628395,Jordan Bell,0.12334102559598475,-0.17030624838456795,-2.431073649860456,-0.22073205481193248,0.10168548052144434,-0.1633524655351369,0.04776236467070749,-3.427346096874782e-05,-0.08082941139217655,0.01283293139188671,-0.68329142389091,3
1628397,Ivan Rabb,-0.16758407102295025,-0.01096201272271754,-1.2044819007263374,0.17116808799125627,-0.0522087043821453,-0.21246810147902945,0.16655519092743712,1.827037563072225e-05,-0.034196768205982164,0.18153240165711126,-0.15330937259136562,4
1628398,Kyle Kuzma,0.009398816840557477,0.05006276741834255,-0.7356016306007986,0.02577885414279393,-0.10621370793832352,-0.07451355625763248,0.125400634695197,0.022134140430769028,-0.037061779699617374,0.020912845915860786,-0.1723369073250604,4
1628400,Semi Ojeleye,-0.008771359943320695,-0.06035630343035399,-0.6440557339319904,0.02998340049762862,-0.06055037877912014,0.007327517569040202,0.0397558821007283,-9.601476556608728e-06,-0.004820316913881561,-3.3119802141699125e-06,-0.3907860577649383,0
1628401,Derrick White,0.029151402311494712,0.08919228010022193,-0.7709961943672416,0.120073724889772,-0.052573451734132776,-0.13590907651299364,0.11752602901060848,0.008817902649795312,-0.044739550665604685,0.19950407422087427,-0.08579742584094363,4
1628402,Frank Jackson,0.04916478604011278,-0.1026445236156246,-0.8834849807862658,0.017978294001770756,-0.20567665709364893,-0.15347285460041118,0.24448078059153985,-3.637765143591236e-05,-3.936863675652893e-05,-1.2548284743472486e-05,-0.2604075925604916,4
1628404,Josh Hart,0.006656894991244108,0.0484023675117149,0.07733107252066533,0.05804858361996482,-0.462984681801714,0.022308389305535782,0.31720393420724646,-5.769066371170405e-05,-6.24340135840075e-05,-1.990009928449417e-05,-0.13774572401010088,2
1628407,Dwayne Bacon,-0.024876129115285903,-0.13915301113933068,-0.12792723494514333,0.06665511730152276,-0.28288336978072365,0.07155638624657391,0.12182157060422182,-2.97076130135456e-05,0.09134265171118712,0.2090765572227625,-0.3981102557960949,2
1628411,Wes Iwundu,0.030376879186572836,0.008572613467602809,-0.7047990439866967,0.17816146572549915,-0.1315566533381573,-0.12931945617295684,0.15041198654568563,-3.596881588586065e-06,0.1160344286504568,-1.2407259014519665e-06,-0.4665105599946399,4
1628412,Frank Mason,0.06671677769728845,0.037044357480201885,-0.4611624631861045,0.07243077494226184,0.0405083570407033,0.02873945848144143,0.015515062686649983,0.00013271266332804096,-0.35427436411602936,0.218738369330914,-0.5107540813820943,0
1628415,Dillon Brooks,-0.010178605394163015,0.14024149932552396,-0.3362854411969995,0.044043758778644325,-0.19524996978063155,-0.04840397916202282,0.13634625840937256,3.8097124184000077e-05,0.15371966201926485,1.3141408070601144e-05,-0.2306113233404293,0
1628418,Thomas Bryant,0.1051872897732384,0.06540842379125908,-1.4718200597339601,0.033477122994774657,-0.01818298852537692,-0.18067213069167445,0.134228015795977,0.009887097628957793,-0.04673913769433901,0.02262703911248709,-0.08390477191254046,4
1628420,Monte Morris,-0.12941401299769045,0.017075844465653845,-0.6324519597697588,-0.07767274753956578,-0.12489881849948835,-0.11335986395342296,0.18595555471043082,-0.010625338825271414,-0.10057997399657813,-0.003665156265290339,0.08342663462973036,0
1628422,Damyean Dotson,0.018000838307797962,0.07972093677970736,-0.3225591281024123,0.09825681867336328,-0.09483665758962156,0.07221177512284332,0.02203152200985301,0.00010013429586191622,0.00018061658771923678,3.454081303967422e-05,-0.22514397915895834,0
1628425,Sterling Brown,0.05702480372637449,-0.0600527275833244,-0.7270105972106878,-0.04949000831065911,-0.003987190288573983,-0.09311678802782132,0.08123465832117514,-0.00023472194087088618,-0.017519912208207825,-0.21463826490044985,-0.2700403597032047,4
1628436,Luke Kornet,0.0029699486604095023,0.28545525706055824,0.23173621314136464,0.004094751775536347,-0.2746064302117382,0.11221302868607988,0.1672275022990833,7.868314448578577e-05,-0.2714584296964932,0.2541345844451553,-0.4744336741440249,2
1628464,Daniel Theis,0.017022798605224345,0.015024793063907974,-0.7686463641643394,-0.07380486879430391,-0.10016156732498084,-0.04178391816863543,0.11641589998197976,-0.00011842432816526848,-0.14790775716787252,0.20213969921029695,-0.1902091734790112,4
1628467,Maxi Kleber,-0.043441999979537634,0.07574641282789947,-0.7139915212105338,-0.07486721801905354,-0.08320279626311101,-0.19908538695214412,0.1625941282720836,-2.821577856162733e-06,0.10446077357120796,-9.732888452640377e-07,-0.1723526051194415,4
1628470,Torrey Craig,0.0064835625817828615,-0.010382017276573214,-0.5252147123855646,0.03371013587735895,-0.11714397637941383,0.05658675348336716,0.13332786443613964,-1.6024024694919674e-05,-0.3853812244213133,-5.527405334523734e-06,-0.4166632898530212,0
1628960,Grayson Allen,-0.18875096363926486,-0.03239697298328458,-0.5657353821772528,-0.16531789144624867,0.008325241864078221,-0.001153470887998781,0.08111150344202375,-2.555502478838041e-05,-0.38975975129199975,-8.815075053353062e-06,-0.3520377158581512,0
1628963,Marvin Bagley III,0.019009701991737297,-0.15975892601902006,-0.668073110755637,0.14066614456345253,-0.11842517750748907,-0.11582358451212205,0.14270041616237106,-4.5024790850728934e-05,-0.01089680322168766,0.24877027946014954,-0.34737643222487874,0
1628964,Mo Bamba,0.06129231006226212,0.14215855055954235,-1.0869650921162362,0.09832036824902067,0.01223389898918852,-0.20788980885422886,0.15626258805330637,-9.204104382671793e-07,-0.1500924639641359,-3.1749087147711624e-07,-0.24473888559854276,4
1628966,Keita Bates-Diop,-0.07597107101138283,0.06889496316103776,-0.07945386622130644,-0.15241032066409274,-0.4643309406752234,0.11428505328857914,0.2598313789600716,1.9607631467896697e-05,2.121977891472977e-05,6.763552156237872e-06,-0.19743362064094244,2
1628969,Mikal Bridges,0.02475945470437229,0.050226393121703364,-0.5970329842472665,-0.040689234289369394,-0.1478923769817921,-0.007663591646659645,0.11070986729697528,-4.007649623605165e-05,-4.3371602082972266e-05,-1.3824182333154929e-05,-0.2691495254822908,0
1628970,Miles Bridges,-0.051983393092803636,0.038619634780448185,-0.0692170489436476,0.13224387174931446,-0.21731124667552332,0.05254603410389176,0.12704920163371047,-9.260608647975256e-06,-0.04073770679593682,0.0581460151823926,-0.4028428476351896,2
1628971,Bruce Brown,0.14990395795682934,0.018686107938047026,-1.1664729773551252,0.05592278648091255,0.08511424736355996,-0.14277427741665816,0.06941839232594137,2.2944194752668012e-05,-0.17983924175693414,7.914482590536325e-06,-0.523636469401673,4
1628972,Troy Brown Jr.,-0.07342260360651794,0.01863788152168334,-0.71907787435948,0.0091102425555318,-0.08134419007761345,-0.034044558374531804,0.10795799389247628,-6.9529842292259075e-06,-0.1271613202777256,-2.3983963362042256e-06,-0.30649334061161826,4
1628973,Jalen Brunson,0.04107751970003954,0.09084541244067032,-0.7492405677151941,-0.01902476693195642,-0.1172503250702065,-0.004838998212381254,0.06229377979381733,0.011019641781335065,0.037160734378154835,0.197330050116936,-0.11279093289218167,4
1628975,Jevon Carter,0.013089248369814623,0.041164722795467734,0.34645742953436054,0.2768363824737079,-0.25198826201811264,-0.0372057715024034,0.20391330861451787,-9.991706217327476e-06,-1.0813228371914405e-05,-3.446587938735302e-06,-0.5968027588160385,2
1628976,Wendell Carter Jr.,-0.07580172410878305,0.14648755838578584,-1.2678473960108183,0.0990130246989209,-0.09186164412579832,-0.05337632481235565,0.1411010766687707,-2.563220759851815e-05,-0.1150113469408702,-0.22327015769812125,-0.5920102509041734,4
1628977,Hamidou Diallo,-0.3982822303179069,0.17529239547931055,-1.8416182225667368,0.05436920753389622,0.049414630659971176,-0.2878813444594988,0.11978221966734331,2.11606734528634e-05,0.12336546311514447,7.299266042985377e-06,-0.5860047195572762,3
1628978,Donte DiVincenzo,-0.08559956529670286,-0.03309950224298693,-0.806645986707893,-0.12705806141360787,-0.13523929948725594,-0.07206382828226929,0.14245676647987618,-3.391294904262887e-07,-3.6701285517707365e-07,-1.1698098264924624e-07,-0.20449749759781596,4
1628983,Shai Gilgeous-Alexander,-0.057024457884523976,-0.008892115399606477,-0.4443202928780586,0.15783145309134813,-0.12507539995045072,-0.015562404520153297,0.21129228971507377,-8.121927814002205e-05,-0.432060612451622,-0.22540426061197316,-0.2041068970944324,0
1628984,Devonte' Graham,-0.15731654447629867,-0.041179776117551935,0.38066109918462665,0.08055102447956583,-0.34595032970812656,0.0773656573369854,0.21327710917287165,2.9104610673081013e-05,-0.06661943306750727,1.0039486543911703e-05,-0.3645902280014883,2
1628988,Aaron Holiday,0.164028362046356,0.00791157811906355,-0.30305910340075737,0.026987545522692308,-0.0217595073408952,0.041286780428486124,0.0045938045425155715,6.187297689763601e-06,6.69601982698591e-06,-0.2113655533154744,-0.3761788370498253,0
1628989,Kevin Huerter,-0.126326611352994,-0.14619281200990794,-0.22240349439826873,0.024760140310940808,-0.1689506054015389,-0.11681105620915365,0.2151352693476051,-0.0002727076604275641,-0.15656663570556273,0.20231499239431933,-0.2082836877273157,0
1628990,Chandler Hutchison,0.2072897906254226,-0.2078288759598748,-0.5378161338905275,0.14675691676491676,-0.12184394491184315,0.006514276112212239,0.10616527438717455,3.811572569523418e-05,-0.10433471786356137,1.3147824566719874e-05,-0.5018350958502938,0
1628991,Jaren Jackson Jr.,-0.034868097105623226,-0.051057584139480236,-0.04487696542121146,-0.013995193933835942,-0.27118691622662244,0.016086494738500375,0.18283097615403854,-0.0003661844275569621,-0.00937932821901641,0.044369163437221575,-0.19010206551257666,2
1628995,Kevin Knox II,-0.018103727292360927,-0.03814860225600941,-0.4626554107001688,-0.0293539691520594,-0.03634351576326097,-0.08166448750452396,0.07949027724025744,6.969925686085193e-06,-0.007768862954216566,2.404240205456985e-06,-0.4733049605274594,0
1629001,De'Anthony Melton,-0.15061849274615585,0.23723825500129936,-0.07011544826636919,0.3511595146064526,-0.3881689660671211,-0.008507468455901956,0.283394208586884,2.312757283330535e-05,-0.0010336684448241046,7.977737921052107e-06,-0.3133252984803722,2
1629004,Svi Mykhailiuk,-0.00847038992386828,-0.05130690631390292,0.42492811387643104,0.11162528672944563,-0.10958867758206976,0.019116514156051992,0.15375322155443458,-4.4680402014036216e-05,-0.3947483007621863,-1.5412276076065326e-05,-0.5964025336548731,2
1629006,Josh Okogie,0.07012829168481577,0.03727491718909432,-0.5508377487578602,-0.03738109151936578,-0.0954783056379588,-0.00840358282739631,0.15428042522633917,4.3363934107269424e-06,-0.3640140650175345,1.495816720125713e-06,-0.5902125952382411,0
1629010,Jerome Robinson,0.12657033944854,-0.11323933758338402,-1.0615699509374381,-0.270498892877216,-0.0198103435079314,-0.2572305614844689,0.17722645770116444,-7.905075489579622e-06,-8.555034016522447e-06,-2.726815345338329e-06,-0.4548751068524847,4
1629011,Mitchell Robinson,0.06735458468458183,0.17888105659389225,-4.3918436716858285,-0.12424884496437558,0.2941952123337397,-0.3762411750635489,0.039096099243665604,0.00034629546662392433,-0.0506714359665938,0.0001194528494584315,-1.4103257198898351,1
1629012,Collin Sexton,-0.0077890156766163374,0.03102470430107963,-0.2993659776690665,-0.10741698764647968,-0.14695075964643453,-0.013860439343553351,0.12602013680774707,-0.0003479335729181087,-0.12313059498593215,0.2124085028550584,-0.22445791028769246,0
1629013,Landry Shamet,-0.07145911768708121,-0.03649907191467227,0.19594832011391727,-0.1879779133704208,-0.23329151884878466,0.10205818860875013,0.08039889014718683,-1.2198494597156092e-05,0.09869088759181877,-4.2078082997290424e-06,-0.2141979236678765,2
1629014,Anfernee Simons,0.030003472184240636,0.055501775183227325,-0.5305385190814357,-0.1448673837757744,-0.19187574553473427,-0.005988636790200145,0.060545370795036364,3.031348811500115e-05,0.3636645277192959,1.0456482632225212e-05,-0.1417849219634467,0
1629016,Omari Spellman,-0.043134216460369065,0.13352453502004238,-0.36847821236814454,0.11595916703595233,-0.007314976361348546,-0.1029871177695623,0.0805871510506279,-3.5852231753718736e-06,-0.0454761286153801,-1.2367043912185437e-06,-0.4040452523342424,0
1629019,Allonzo Trier,-0.053294488899540936,0.08374396510978764,-0.07966733309534252,0.13260672634343545,-0.2354214609257721,-0.02341423343352122,0.10038419244668141,1.9429276623399025e-05,0.3743676266104536,6.702029565113192e-06,-0.11670635945478633,2
1629021,Moritz Wagner,-0.007342295250384952,0.0945515192614672,-0.891672196635317,-0.0009555510573134152,-0.07259493331315135,-0.005476511471283103,0.07641200557432862,-5.100727911807618e-05,-0.09471391704690116,-1.7594699962636702e-05,-0.12268469163784995,4
1629023,P.J. Washington,-0.12544910027545794,-0.19801154550696268,0.43153943217249136,0.03206638033144118,-0.29394763995943834,0.01737878823957916,0.19678103432065128,3.72742784858958e-05,0.01073327110311211,0.002372305433869503,-0.3606792825229137,2
1629026,Kenrich Williams,0.11648430100857585,-0.022846275294017487,-0.20193440829053808,0.09269419107466204,-0.2172095239950212,0.029591423590107014,0.10577124831952552,6.038617258699881e-06,0.13954052306378487,2.082990127925505e-06,-0.5192067307975416,0
1629027,Trae Young,0.014905447150152037,0.035550532107940416,-0.8404292902750022,0.0813584058719238,0.06718613365069445,-0.05112551297397176,3.001036611955924e-06,5.378662951288323e-06,5.820898807987912e-06,-0.21809222064420533,-0.2868360396679253,4
1629028,Deandre Ayton,0.0786410896138058,-0.08387598249572188,-1.4590972929055903,0.0015812533716405355,-0.08994993095636747,-0.14888504268078226,0.1514081622480424,3.4298123749816475e-05,-0.025995783006597845,0.18199114505475714,-0.2592351429383636,4
1629029,Luka Doncic,0.000324144186714732,-0.049219845786176095,-0.670031910714375,0.01653864818403051,-0.2021887500369169,-0.03344566255143985,0.19451159942309967,0.012571753680895041,-0.13350923707139012,-0.022696501762352512,-0.1031134377611264,0
1629059,Elie Okobo,-0.031978041696233604,-0.11048571246116223,-0.4160444942461595,0.039866244187577095,-0.2359009731334224,0.004903554750384726,0.25547313387416076,0.00023658222747253041,-0.4759183382518034,0.216998720627106,-0.3639393200015011,0
1629060,Rui Hachimura,-0.0022161667726043714,-0.002282802367986541,-1.3029071959120713,0.05108395258829895,-0.08257984748328343,-0.15682694207201378,0.17683078794800997,-6.62798065256325e-05,-0.08602378266696614,0.010257201284693136,-0.31432214624405863,4
1629066,Rodions Kurucs,0.014617718946816368,0.03988909891216079,-0.7957447032116984,-0.11219629576200203,-0.04415528548497828,-0.11872909122313155,0.1111037128803139,-7.082003864583943e-05,-0.0191090238255988,-2.4429009993210763e-05,-0.3386774883185807,4
1629130,Duncan Robinson,0.043789636635316834,0.031591537296129325,-0.1298097360998691,-0.07447013641762483,-0.4447821343796032,0.20145668362269736,0.19057842377886716,4.015250752433111e-05,4.345386305020589e-05,1.3850402038455774e-05,0.24251728980735096,2
1629134,Kendrick Nunn,-0.1866144950643128,0.06852773693920224,-0.1145025188240196,-0.027598589828214216,-0.2188398067930341,0.13322366435261127,0.11914776784579241,1.8557146299353938e-06,-0.21213511182940306,6.401192671724882e-07,-0.17551818181023496,2
1629628,RJ Barrett,-0.08000479464897957,-0.013965751287213704,-0.26135289643355425,0.08208464812877797,-0.1486023981459304,0.024043747438832527,0.12055163653831735,2.201664415874398e-05,-0.13298068347614242,7.594528758670836e-06,-0.6564570671672746,0
1629629,Cam Reddish,0.01687527848885514,0.04399081186734258,-0.5811433841540973,-0.061547167445824176,-0.028353589460588455,0.04303915948311175,-0.0069968200919017474,1.381277437622006e-05,1.494846631187037e-05,4.764645850732733e-06,-0.7136012369622269,0
1629630,Ja Morant,0.042569632445727666,0.12058931966974963,-0.5016319341680266,-0.20718231721009586,-0.009053798980392084,-0.05505317634919897,0.0413654232447593,1.9523555737558534e-05,2.1128790443568162e-05,6.734550663064077e-06,-0.247824501189809,0
1629631,De'Andre Hunter,0.012149908878411641,0.15658812161904728,-0.5127947579536072,0.11257049485740143,-0.014437963733736825,-0.08592728822100004,0.02395536125464924,-1.3197703263075842e-05,0.1844004929520213,-4.552480217073551e-06,-0.3822036599582012,0
1629632,Coby White,-0.023241409201428576,-0.06983655154459424,0.2712509759439276,-0.04906358158085306,-0.18603444088110585,0.2073821730614896,0.0752566429827334,-1.7177640185871113e-05,-0.33216146386541706,-5.925339096017265e-06,-0.7159868407787824,2
1629633,Jarrett Culver,-0.2272691517997127,0.0008735835418121473,-0.6897241068659327,0.2897925424111853,-0.15754954785505898,-0.15752899240531273,0.11596012318842007,5.954470039017045e-06,0.4362641168536236,2.053963975020652e-06,-0.6245162642602318,4
1629636,Darius Garland,0.08516885850025895,-0.1774317700190244,-0.2703094584784961,0.14130595746372307,0.09220971486802254,0.05173391116704526,3.7031665669053114e-06,6.637068246861519e-06,-0.4459720836317319,2.2894227341977823e-06,-0.5412733163209896,0
1629639,Tyler Herro,0.05501817045204235,-0.09507508519334636,-0.3659377722175191,-0.12849052492953142,-0.14258722040741345,-0.09825980688087473,0.16431927739780267,-5.997851193567064e-08,-6.490996970626716e-08,-2.068928072068924e-08,-0.17220148247514894,0
1629672,Eric Paschall,0.004198405841781204,0.15895155743160358,-0.577520269082542,-0.021554760986417492,-0.17348583487458336,-0.011084266853212772,0.13585383785383678,-1.1226910150559957e-05,-0.021115238472082697,-3.872665216082142e-06,-0.20267078051721352,0
1629673,Jordan Poole,-0.012349289799093829,0.33465640982411354,-0.7628991674590438,0.14306303920648233,-0.027618281781484857,-0.07723060560408297,0.15615451880735867,1.5234690420125785e-06,-0.39475282845018345,5.255128515689237e-07,-0.8035869252660841,4
1713,Vince Carter,-0.027878040022164617,0.02056969636470688,-0.062485511287666315,0.01628739296253556,-0.2042847631606056,-0.035177587818711636,0.1733045332322495,-0.025824708252053248,-0.005706307711631213,0.02429251163319949,-0.2110392688873196,2
200746,LaMarcus Aldridge,-0.0472915127857059,-0.012510289946172943,-0.15104040873452648,0.00946773605179271,-0.26448500309798834,0.09433383785806974,0.14578974146377935,-0.055523900180680964,-0.03141952524488159,0.028403151160680432,-0.05196989146537365,2
200752,Rudy Gay,-0.05154245942119761,0.033423581020450094,-0.19922985591318546,0.022275506137751998,-0.15955452461448455,-0.013116816460822757,0.12580213900860696,-0.011781431802432407,-0.010633184394250641,0.020373735423395517,-0.2332806692209028,0
200755,JJ Redick,-0.098924448092284,0.04419039279334072,-0.026989848165536668,-0.022410543231469567,-0.15463105841566924,0.14986337322036955,0.006511018334207337,0.07042355007577887,-0.051706460019572686,0.08555545974014228,-0.09052418914829063,2
200757,Thabo Sefolosha,-0.06426749568993645,0.022369995474705587,-0.04760972443629316,-0.007747262413797605,-0.2982886237162107,0.08478275974130603,0.16455980475067736,-0.02367093052544024,-0.00772332205150038,0.02404831724748319,-0.2454804550752377,2
200765,Rajon Rondo,-0.057837131518039826,0.04288244631446733,0.023070353261481095,-0.03823656787714375,-0.3117792423655581,0.1088162887980956,0.16442845104102083,-0.023442166963729076,-0.044263283537838635,0.06019211210603414,-0.2566737428603065,2
200768,Kyle Lowry,-0.05891963365726629,0.064260473363295,0.027724635514052538,0.004325204894025785,-0.2261285935379715,0.16311401915318313,0.054842520926644385,0.02833592190288755,-0.017391336669308536,0.022577258926638363,-0.2616706923767365,2
200782,P.J. Tucker,0.014272239245001938,0.033599178941732435,0.19863634080146486,0.011964041530985507,-0.3254492759088128,0.11486473148546265,0.1655940426536355,-0.006853621444682685,-0.032041362142057536,0.041701194915066235,-0.2853540475715444,2
200794,Paul Millsap,-0.04921543537495803,0.019012748564839827,-0.20914524448679506,0.039176613226722265,-0.2401393734273089,0.08425135883516137,0.11598114686717015,0.01071269659852013,-0.015348020384456582,0.05095262825046282,-0.19546165000893095,2
200826,J.J. Barea,-0.06617553028786391,0.06002673938373991,-0.01728872332267707,0.0193277651216066,-0.16499216848334392,0.14949953266271848,0.022523709106339208,0.11004538923593216,-0.1106606572484419,0.037671317551380666,-0.3173903040025363,2
201142,Kevin Durant,-0.055861217695200784,0.026982615642178985,-0.2864678685990878,0.0021138737148652426,-0.21561217515383854,-0.023055125525133183,0.19531734845080637,-0.03734838145865138,-0.09685489846199148,0.037706569263345764,-0.011079206773591373,0
201143,Al Horford,0.013483059853538568,0.019859121180568085,-0.12002665795394026,0.024192253585011744,-0.2679832834627616,0.07798246779495659,0.17210803072877676,-0.08616410141778635,-0.06026905115975802,0.017681482102260226,0.026324367724532186,2
201144,Mike Conley,-0.03820117592782176,0.026087547511814708,0.002457506379711069,0.043504228333773085,-0.3582791777815181,-0.014082319891681684,0.2855889326933587,-0.021626887496488396,-0.07912642201924193,0.023532739182993232,-0.06828559700476998,2
201145,Jeff Green,-0.0298835186213754,0.0019871229953570013,0.009590128358863735,0.05120665938863979,-0.3095194591660512,0.10835042687738798,0.14536114900789351,0.033550378864367784,-0.006649494977440692,0.02840775928971008,-0.31256115553313585,2
201152,Thaddeus Young,0.007454148559088748,-0.04157850669982679,-0.1836189030701776,-0.020479847789082663,-0.30288688419070264,0.08245195420857114,0.15943886581485792,-0.01680522199824698,0.016092094766682004,0.06862269211986073,-0.2693782682520414,2
201158,Marco Belinelli,0.003265639417828152,0.04103656421707325,-0.02443362745566558,0.014670578134401173,-0.25549781975873065,0.0729354731718262,0.1459854648315246,-0.020597178239892624,-0.032061861947907465,0.027139808703916142,-0.13862117163066884,2
201162,Jared Dudley,-0.11607247631299344,0.06771163315240193,-0.019300570848140186,0.02654194136028691,-0.4122800446569323,-0.012627565891082191,0.32051124699991973,-0.08309695448095886,-0.004653607549631585,0.008529982124413322,0.1371561034618916,2
201163,Wilson Chandler,-0.04467405476280638,0.019764589829649418,-0.15897121983598736,0.031448568323708764,-0.2840099185479127,0.08240661769441449,0.1418174494200858,0.009487592704505584,0.015500968987944296,0.05297863501873146,-0.2207591991187387,2
201188,Marc Gasol,-0.02024199803652824,0.0035631636033658202,-0.26299411733652084,0.02686884253930529,-0.24955922133208144,0.05258590427168368,0.16238412312165126,-0.03710854989364943,-0.055810308148529296,0.03965697856257302,-0.0698490732915268,0
201229,Anthony Tolliver,-0.08541737014698694,0.04174049612603189,0.04909297374222056,-0.014224388350165785,-0.29707394130902115,0.11553060254418912,0.16396457155371894,-0.024030589741667042,-0.09296222459582053,0.012790958264742726,-0.17839806715302278,2
201565,Derrick Rose,-0.016641841760378268,0.04394122857805108,-0.439291873432465,-0.019748697234660183,-0.1888689816018331,-0.03939731244772269,0.20429744323846302,-0.20467495927968649,-0.027034490293451664,0.05332459892916085,-0.1679165228509285,0
201566,Russell Westbrook,-0.017385345268822662,0.015315124402965553,-0.17911706688872586,0.018895835942344497,-0.19748023198443213,0.09810946138781207,0.11283006071192651,-0.061037711930712314,-0.10326464131791177,0.023711309439250792,-0.3674881604944624,2
201567,Kevin Love,-0.08462512528595502,0.0011196119604040015,0.09154645112976549,0.033573321943246436,-0.2972389914898526,0.061892020792345764,0.16541821598381148,0.03337725139736986,-0.0040932750552909345,0.029409333707810775,-0.2234389158608646,2
201568,Danilo Gallinari,-0.027586315184321985,0.05008053017004164,0.11993538163314567,0.0466128146432642,-0.21328943812286166,0.06328674726197346,0.1623756239113012,-0.04194145327048685,-0.19836973621429604,0.0374281793693042,-0.3006534176396583,2
201569,Eric Gordon,-0.03273923012998401,0.020811298300983983,0.1596190589864071,-0.014418334791481496,-0.3058154872266173,0.10835825349202192,0.1622329697356422,-0.06628057508658527,-0.008635560722472641,0.047951092970313185,-0.25778465229608105,2
201571,D.J. Augustin,-0.022360526922229385,0.03255472920142663,0.28591639709950056,-0.04414707479935145,-0.002890286771593597,0.3354378778241007,-0.1235725494359547,-0.4221378789936715,-0.017429189848752434,0.049188011247997404,-0.5470084710303736,2
201572,Brook Lopez,-0.029724087265951837,0.014426888159588104,-0.4837870570805819,0.04688546224094157,-0.18123128769154195,0.008342056227433026,0.15267200949535362,-0.10491076645125023,-0.032121265456081016,0.005307710069399172,-0.1766720103267622,0
201577,Robin Lopez,-0.1152819110788223,-0.03476171529016967,-0.2834589606533683,-0.004657458694603162,-0.2704665684758617,0.07403079594080679,0.15641317215315023,-0.04188542303028835,-0.015922410026940368,0.03249230367899626,-0.2571948305809941,0
201580,JaVale McGee,0.02707840544023228,0.013463972993557028,-0.3138030982978277,-0.0017881868994346496,-0.3142373493853289,0.021602532356970048,0.19685173229253103,0.0150236899846471,0.020500151132465037,0.09323360764229163,-0.7005079067488817,0
201583,Ryan Anderson,-0.06882213644772674,0.06287123043345172,0.14851124516916267,0.03935773592811507,-0.2721625353486163,0.03927801988834684,0.16576568939287975,0.00105795788520799,-0.006189873864929835,0.0730888677232053,-0.2299592340512667,2
201584,Courtney Lee,-0.07794301592430454,0.04599837515027677,-0.06857023399273557,0.008554222776295486,-0.19428768317189465,0.10895644780560644,0.11542128440050502,-0.03390924204336534,-0.17558455578506346,0.005613948588249251,-0.1347242579182506,2
201586,Serge Ibaka,-0.023262602642496414,0.05007062616528702,-0.3875966011269384,0.02661890384747413,-0.16596483148764088,-0.02236485477337524,0.14145782791716913,-0.033379030617374864,-0.015220527627226638,0.02375335691439333,-0.0497633043700768,0
201587,Nicolas Batum,-0.025485057787632447,-0.003590730503096578,-0.2763182981959704,-0.0012266170506403658,-0.2284507375466105,0.08368507561006153,0.13535147612777237,-0.04115424729215585,-0.08303816182459972,0.026808754301471716,-0.17718985451979608,0
201588,George Hill,-0.03152963616429618,0.08314926187483491,-0.10935605952452357,-0.0017143406470902663,-0.28982195834386065,0.07672150508167652,0.17928746847691654,-0.043257565176472085,-0.06767228357980838,0.046617206612881865,-0.05644126709463052,2
201599,DeAndre Jordan,0.08116570383453632,-0.03850765749785603,-2.2045475011718745,0.0607906475674016,-0.1735198717505895,0.0008926533517381709,0.13383431591108605,-0.058606099380921525,-0.008074301401919948,0.04995543924918159,-1.5327397407028738,3
201609,Goran Dragic,-0.05546062515966646,0.01891227621395093,-0.14333033826171712,0.015303089164311062,-0.2918689794006752,0.11535787844250033,0.16348132931840717,-0.0983917306416242,-0.050585018516232816,0.05098314851187561,-0.13650448171218993,2
201933,Blake Griffin,-0.04619136932707532,0.00519356074079126,-0.020996689414889247,0.0017002606504900495,-0.32728278753322904,0.14881102739323476,0.15277755111083446,-0.045637963981904686,-0.03194603796277544,0.04937723320583288,-0.26075399692360685,2
201935,James Harden,-0.02341830820500246,0.021656970409566986,-0.1143319855134593,-0.01904811794415561,-0.2858651598309137,0.026801892815150056,0.20284381199974136,0.023361707496888862,-0.10190197191826636,0.03494206164431175,-0.1535461514539985,2
201937,Ricky Rubio,-0.04483687877388468,0.006091303253235937,-0.0501436380714872,0.0005353448207174277,-0.0413651003068846,0.18205178189212895,-0.1341497750711215,0.05673332901546482,0.1600086618200415,0.017656895731277218,-0.5464365738522863,2
201939,Stephen Curry,-0.016941203010914955,0.07405416271899902,0.19371367489520608,0.0045643320006166785,-0.2729288099609157,0.16091927115825955,0.10547939676463254,0.021048097477234344,-0.09108621889606124,0.05129494125691009,0.01588071298777791,2
201942,DeMar DeRozan,-0.04388794423197693,-0.0069159953896108465,-0.6031540534348779,0.014494996948177682,-0.15244006689202927,0.020821646218106005,0.14620329589677034,-0.18488452734407093,-0.0680477177299088,0.03770790186684623,-0.22822146444418,0
201949,James Johnson,0.02805571052070089,0.04901466242244964,-0.6331655148617578,-0.006591427051759858,-0.17974923771323667,-0.0006364159251931812,0.13650065868807656,-0.05340147145430449,0.0004965749026008432,0.04708782235675149,-0.3225337675385333,0
201950,Jrue Holiday,-0.047996685444133005,-0.01198647964195503,-0.2311500162591891,-0.009258908718469162,-0.1959355525782616,0.04564198895660742,0.12240725850642499,-0.05396611368724293,-0.02286704508047907,0.06981431785263773,-0.1991127280793052,0
201952,Jeff Teague,-8.857211736632235e-05,0.06846765105894204,-0.21245304842209828,0.03758540779827211,-0.1984183021136335,0.04371714143885712,0.1633897859585493,-0.1975516985504658,-0.0490338394855416,0.032036717962109426,-0.2347868706165948,0
201959,Taj Gibson,-0.06547937294330268,0.022861330439825425,-0.4191569814011287,0.030446889763823443,-0.21640222491878602,0.001652930466437031,0.1614682695002422,-0.06432194849029435,-0.0011158710841548784,0.08060307770558098,-0.3044463193543369,0
201960,DeMarre Carroll,-0.046392497786963374,0.008895034386062069,-0.061729001661101325,-0.010959902280186914,-0.3208576846901292,0.07057721503212606,0.21510579859056952,-0.08962362326435615,-0.06085130558803959,0.022865816329541228,-0.19947121179340968,2
201961,Wayne Ellington,-0.02000347857245564,-0.022131880561924708,0.10524455898998834,0.04944672381999316,-0.3136604532968955,0.11914956117876767,0.1506933553577212,0.05580901892935513,-0.06337420483585658,0.0114593743919607,-0.18255004788969487,2
201976,Patrick Beverley,-0.019291900153101626,0.05847755906369976,-0.18115218460142068,0.0178394680791586,-0.12376685353142618,0.07770535076275907,0.025125376396594016,0.08524281364482968,-0.015476495068310822,0.0016692750809172894,-0.3080070445772867,0
201980,Danny Green,-0.041126157461356144,0.011124403215695992,0.1784585488863706,0.04742454423416173,-0.2245685628513568,0.1470440495634238,0.08109789499946524,-0.009163275972378223,-0.05111850114084019,-0.0054888260912157455,-0.23394875656946745,2
201988,Patty Mills,0.0020105326777330483,-0.010019720087876242,-0.04638046187226891,-0.0004989899224780856,-0.11007374869992956,0.24198931155057085,0.015905409359867343,-0.3728590471780681,-0.076816743906565,0.04216626631444825,-0.2539132218220878,2
202066,Garrett Temple,0.024089171753795616,0.061331207938527615,-0.05438088362560794,-0.03227025464981355,-0.3656697804329781,-0.0030518185533850344,0.16328543601653597,0.4345461651717587,0.054071466325576086,-0.011828485272210023,-0.183505058312411,2
202083,Wesley Matthews,-0.04878780494097463,0.027240501458383453,-0.09853659904770018,-0.0038070681344881093,-0.22435046211739307,0.05682448958449165,0.12538147630381732,-0.06123909378974601,0.04085962287985891,0.037113748653848304,-0.18071726957954887,2
202322,John Wall,-0.0528722434616953,0.0022635351419896077,-0.0012001284933698877,0.03153047739108901,-0.34983718241714995,0.05194689853324826,0.20602769441665136,0.043119104406357064,-0.018260491619488086,0.09162226982112222,-0.24882388418631946,2
202323,Evan Turner,-0.030522114231575886,0.03289679380932802,-0.35812328317745423,0.004072034222604795,-0.2255592558566449,0.00898709932809917,0.16728202325405528,-0.03383637325439852,-0.0418489108879528,0.06467486431903656,-0.2019688230821992,0
202324,Derrick Favors,-0.006857803652273639,0.032618851013329946,-0.5542494528360778,0.044204860373664806,-0.25476343230197496,0.064205499876066,0.15887179292094503,-0.0577367463792435,-0.02687420728203385,0.007613536637648375,-0.4047488961031329,0
202326,DeMarcus Cousins,-0.06556309573200046,0.009550975006483305,0.2625925486989675,0.04293962057952155,-0.35625492520362884,0.14353772722275215,0.16070434454255775,0.001591821318286701,-0.010629009560063116,0.0734674409103485,-0.2850950211137959,2
202329,Al-Farouq Aminu,-0.07186180333122827,-0.007229208698262952,-0.0022515405455738255,0.07028288920743572,-0.2523086566703137,0.06435089348841105,0.17301493182114192,-0.05133574432415353,-0.09994553719646823,-0.007973462439660699,-0.4445500396550217,2
202330,Gordon Hayward,-0.0033323278147374892,0.038537254971241636,-0.04117002109943114,0.04843592353851739,-0.2725057688077665,0.03131353784292226,0.16115543123090018,-0.09653661047919387,0.14099010750909116,0.0360465854061022,-0.1541580366708591,2
202331,Paul George,-0.042294226023920536,0.07783530516065337,-0.023478847485883463,0.06107663840280138,-0.2190191116576085,0.03532767672493515,0.15183773064775472,-0.04346553050115701,-0.056591850358263224,0.0550797621431799,-0.19465476070383075,2
202334,Ed Davis,0.020239263589252997,-0.03439274294900732,-1.060258664136763,-0.03246891518787772,-0.18398838904428574,0.024663017475099552,0.12608531006114485,-0.014097026806960719,-0.03278592180153682,0.0014183804849929168,-0.5658661858769549,4
202335,Patrick Patterson,0.06883016547603167,-0.01965192137994917,-0.3924473535738832,-0.007672639821555194,-0.13852057832960982,0.006966044364943256,0.11794416506603446,-0.04296152569953255,-0.06807653278350866,0.009251139904762652,-0.15082759966794787,0
202339,Eric Bledsoe,-0.015762805519909526,0.04204948009263556,-0.3238047911693723,0.043371048857806856,-0.2350384699867947,0.09361482348442153,0.12575664778164813,-0.06574327419096812,-0.025407875670256742,0.030944971022083375,-0.2268189630804679,0
202340,Avery Bradley,-0.0337733418654555,0.08507475892402848,-0.05479043250285937,-0.03158856349009512,-0.2465382414023969,0.07225314482025362,0.13515005587743753,0.03411957444196092,-0.06197702066019881,0.030628293531045413,-0.17681409802527812,2
202355,Hassan Whiteside,0.008851929654656377,-0.06942641827181448,-0.4283288946707979,0.02070627545977792,-0.2309187205796139,-0.009191837983433579,0.1817094894662695,-0.03169777505738329,-0.04415718998462617,0.0786252617928293,-0.23240511582545484,0
202357,Nemanja Bjelica,-0.025847863655417875,0.10745737233008673,-0.15053799937457366,-0.06236268907123192,-0.2592520952896136,0.03567326188186423,0.1678706984659781,0.016648420280421742,-0.04127306755207651,0.01065549477160388,-0.1316614577707947,2
202397,Ish Smith,-0.06856132998375553,0.031612795665834865,-0.1598162791861649,-0.04175960063924712,-0.20733325675916212,0.06657695765575222,0.15781950945932108,-0.1731915594801976,-0.08651234458221745,0.042625925255648935,-0.2760909879350921,2
202681,Kyrie Irving,-0.06814222300839838,0.048273225438610366,-0.16931456648747512,0.033473890721878445,-0.20794510108386066,0.02603463170867807,0.1320345753225376,-0.07877530710442407,0.06655853539190462,0.02362938785148491,-0.054543655043114,2
202683,Enes Kanter,-0.04035827463220183,-0.0432213550140882,-0.6325979768795922,0.008740574104565569,-0.19652722084693072,0.07511088201343133,0.10860653648403919,-0.047315638030420236,-0.027126481744871863,0.0019810964183042262,-0.27990720840247296,0
202684,Tristan Thompson,0.006465343064887674,-0.05766371858943404,-0.7947304249201727,-0.047906190248545984,-0.16071162800602712,-0.025078254432941528,0.1458591034618987,-0.10847009308915173,0.02533826173264634,0.023608680954361857,-0.6571107090601354,4
202685,Jonas Valanciunas,-0.029066746368807062,0.021704241210154344,-0.7458408497500622,0.05965049555804336,-0.12033507094348013,-0.06285489004260614,0.14237264636009375,-0.0837204281905709,-0.002686942482389624,0.018942691951174945,-0.20128277358933488,4
202687,Bismack Biyombo,0.041456452034109005,-0.05194251933268428,-0.7457975965244628,-0.01975703558041982,-0.2433315251078382,0.010740523467395,0.16252377814361782,0.06832837346835981,-0.044755659366063856,0.0095516640068232,-0.8221959465027591,4
202688,Brandon Knight,-0.023033654094273583,0.048396363287284964,0.0742703890515148,0.011416978855694895,-0.2698056191616606,0.11094515445790744,0.14380673228240204,0.02399653498533532,-0.13543223829913514,0.055904058980632935,-0.29499581033478034,2
202689,Kemba Walker,-0.03933061865046143,0.034827405137118364,-0.11871225742143535,0.05103936157984317,-0.14791704220074925,0.07281082327860056,0.06315066198650307,-0.042741360857654,0.010682953739334566,0.041124417473616254,-0.27963791352917544,2
202691,Klay Thompson,-0.028375341396642894,-0.003456746050666143,0.13370161049314094,0.025065133619977968,-0.285988984050764,0.1543948691378314,0.13318822844222508,-0.023933699861458643,-0.10739136093847006,0.03206761992911651,-0.032681093143762975,2
202692,Alec Burks,-0.013234212979546654,0.02732906476617121,0.17746258847438048,0.020092778982742088,-0.32502182593768786,0.06512759448332682,0.1787910793269023,-0.0009794094334613119,0.03696087107873786,0.06302871009262254,-0.28308911770432404,2
202693,Markieff Morris,-0.02034439089728593,0.037737693557752236,-0.26510001838838176,-0.015135026361454862,-0.17793222477958975,0.02959515831148252,0.12984112005361412,-0.08391017349925974,-0.03407738951704767,0.04872406732275419,-0.23205328252765675,0
202694,Marcus Morris Sr.,0.00931174263317803,0.061429571435972,-0.06727182098662335,-0.02442799509530862,-0.2763232152336007,0.05039429967673376,0.15830252849798135,0.04544430367639255,-0.039622283819616966,0.09657737871914797,-0.11046129334083757,2
202695,Kawhi Leonard,-0.05059750028239896,0.00786625046716421,-0.4110512727032228,0.042113873140615946,-0.19030277306685087,-0.017319192548948363,0.13783809017024487,0.07919740890597204,-0.03594270679611911,0.014284751544793903,-0.02322807341610546,0
202696,Nikola Vucevic,-0.061052247013598175,0.0496954081542675,-0.3207805306271233,-0.03718823205552802,-0.2143051726701649,0.08739095039604564,0.10961498331689651,-0.05011451892752231,-0.023133038025509124,0.05233460272524405,-0.09514053581924373,0
202699,Tobias Harris,-0.04058294499213225,0.0025880636684647547,-0.3141480287887425,0.015239141227700285,-0.20855515456734994,0.014387020282201134,0.15331587842668526,-0.03883111917300144,-0.03905299296137611,0.047718872728255736,-0.13889746850185614,0
202704,Reggie Jackson,-0.0703433688391783,0.0009461845129419787,-0.4880678670411402,0.042761306188713016,-0.12078901650508075,-0.01958348736897749,0.12339904943238243,-0.11895993552596525,-0.011217748387290944,0.03276946532086722,-0.2458920648183597,0
202709,Cory Joseph,0.023221595435929783,0.007650923798969637,-0.4219252648797436,0.04652407855888994,-0.06659862448893436,0.12535031626079052,-0.005710844458723391,-0.14732696451215785,0.015935740896009992,0.00873805119776536,-0.3171429329782835,0
202710,Jimmy Butler,-0.007906631946953256,-0.002309009387139213,-0.34040474669084225,0.02961599132644232,-0.2268635605955529,0.0023485240254764892,0.1887067099301186,-0.05567873637751483,-0.08392835102339266,0.03018867877904553,-0.2468949380614565,0
202711,Bojan Bogdanovic,-0.01911328595412508,0.03218104052293631,-0.0590868900836967,0.030186208625136417,-0.2505338309913556,0.05598825399863522,0.1676774315749061,-0.020395879117582782,-0.09741297947326563,0.026191045247584283,-0.1333277574949726,2
202718,Chandler Parsons,-0.0590040247130853,-0.06767086408951918,0.10577858716559589,0.04832680933559731,-0.3141074065416084,0.15572812143747486,0.14849351337077196,-0.06537134072649779,-0.04374902473719117,0.009541540119017778,-0.2267336698895697,2
202722,Davis Bertans,-0.0761781783483593,0.004115741196426051,-0.4976856642218423,0.014790518612412554,-0.10085946698781496,-0.06021390911951841,0.1523100856374534,-0.005622082136075641,-0.1836277423167379,-0.0019393084685455013,0.0449024565819293,0
202734,E'Twaun Moore,-0.030850679484838307,0.056957705780078825,-0.4446632353744361,-0.054919631202380234,-0.19883723841719214,0.00910309375295702,0.16519694739060073,-0.05147501482893393,-0.08863658093403114,0.02118015742096496,-0.05764870311843761,0
202738,Isaiah Thomas,-0.02861150810930053,0.045199311366747714,0.025862109271051984,-0.005842420197425361,-0.07067390758710708,0.3141550857421743,-0.17025972638431022,0.049450222884240884,0.03026912296858956,0.06748467714641539,-0.4127205799936621,2
202954,Brad Wanamaker,-0.10109000772520696,-0.1527133086347173,-0.441986220551396,0.18775118655862366,-0.12009457447776065,0.005138527471860473,-8.370152166996337e-06,-1.5001558844137605e-05,0.3733429077189454,-5.174710970942196e-06,-0.0968110939231615,0
203076,Anthony Davis,-0.006632358810223668,-0.024814179037055014,-0.4531812028007726,0.02154354707432628,-0.19748629779708185,0.009584643279687402,0.14652341547711337,-0.03545512286242398,-0.03184497624749926,0.0425148457356167,-0.2062461315702279,0
203077,Michael Kidd-Gilchrist,-0.031913574799641624,0.03878006491624388,-0.05305064937834388,0.08139739718397082,-0.30187920891894104,0.08011968139986766,0.1883201182190444,-0.09128761129916717,-0.01863530363479684,-0.002914906798817791,-0.36009304636876305,2
203078,Bradley Beal,-0.07781872095386258,0.05014470538944919,-0.1682973958135271,-0.0494037138424195,-0.28644350732131146,0.00015287465762514585,0.1391807526929612,0.06400267606655853,0.19728079727584494,0.1233668862911603,-0.06412832610121305,2
203079,Dion Waiters,-0.07067860368182917,0.05280249078641608,0.09464697680836076,0.007728606941271176,-0.2231234821702517,0.05337386986989247,0.1460543927799715,-0.06356698101673401,-0.043702809972889424,0.034953890101330994,-0.3250361635933582,2
203081,Damian Lillard,-0.04467795156812305,0.06601046348809908,0.0007214074347121892,0.032270591861527136,-0.20470491170940786,0.08864164859885817,0.10288361897120767,-0.04723326509898408,-0.023166484718092156,0.03125389357967962,-0.21372612105096034,2
203082,Terrence Ross,-0.0616841874599113,0.0188920641671747,-0.3764246607545024,-0.04445092717208613,-0.10526447874802693,-0.0578436910652802,0.12725809660737952,-0.08062765175056694,0.0034140581813637393,0.007359167795535303,-0.17167426959958124,0
203083,Andre Drummond,0.07371099051678415,0.00510192374613955,-2.378567081616107,0.0270959848108262,-0.20715457014386074,0.013128877631413358,0.13229522328957846,-0.014723446018019754,0.038355387728104484,0.029930708456012207,-1.6907727386340416,3
203084,Harrison Barnes,-0.016486368967009068,-0.036028780092900226,-0.0878610039697165,0.026454966735098718,-0.2282045946726643,0.0311022505046595,0.16583646678409453,-0.10222621882990914,-0.015968815786370324,0.031663788815448235,-0.2258331637304034,2
203085,Austin Rivers,-0.004287274983764336,0.009805571628569574,-0.10816440348708532,0.02699144609381382,-0.21302248935865267,0.09010466116867233,0.11174023477325357,-0.07765843871111748,-0.011379080788311888,0.02850935132440648,-0.3567380442230487,2
203086,Meyers Leonard,-0.024889508613496824,0.037122546615413386,-0.3798741478646185,0.0442107378990616,-0.09286436233794496,-0.08064092103773833,0.11428050083902212,-0.011252095756645555,0.013572112322112685,0.03605862801051821,-0.12533412988527678,0
203087,Jeremy Lamb,-0.07564880533640117,0.044499244238278605,-0.5456454138870951,-0.013517078463527408,-0.1371876210599514,-0.025107549063261268,0.11815497726328529,0.027312490166751663,-0.055351684723427455,0.035978780804482864,-0.15409681625275706,0
203089,John Henson,-0.008385092673337749,0.07211241496074011,-0.9693656972637318,-0.005512296987607101,-0.21805000018968412,0.010081368856411223,0.14861335278001161,-0.04197311017655528,0.007513102609324762,0.11110544456693408,-0.6785429612805989,4
203090,Maurice Harkless,0.020351433923511682,0.0243643866268531,0.1239951921654232,-0.06619885258901602,-0.3235588234853755,0.10723777404950444,0.16520981741100244,-0.03110881235391668,0.002782483913403592,0.057435700325493326,-0.4661359706934409,2
203095,Evan Fournier,-0.06492582678264441,0.03230280929087432,-0.11135223449072043,0.035620943561017894,-0.25219169641216244,0.06514604936551144,0.18856944065323714,-0.1655700363304049,-0.06999966443911247,0.001398777085610063,-0.13878876552898622,2
203107,Tomas Satoransky,-0.05692740748131951,0.0992967226389938,-0.398227196855281,0.05545326459869777,-0.13288368495780567,0.01651638871768324,0.07538536302209455,0.01526143115643969,0.02166154430554058,0.018194084105691774,-0.11965560721820508,0
203109,Jae Crowder,-0.0023726277206384287,0.07275945334069922,-0.1024191271107687,0.030373303690472076,-0.31119527513216344,0.15055941876065915,0.15105666863456924,-0.04097728817060715,-0.0917555996524214,0.06873228804990243,-0.2396048475893713,2
203110,Draymond Green,-0.023352529523836783,-0.015271729726187691,0.2926037962694304,0.02274562574281757,-0.42357570888744894,0.20517431532728245,0.1837939627814548,-0.021874868240117383,-0.034372381217635715,0.019128440537860645,-0.4149964376841909,2
203114,Khris Middleton,-0.06665464984029842,0.03128803788061933,-0.3273733746442726,0.004081803022841796,-0.17383536946379774,-0.06916978929094676,0.20202671045000573,-0.06015896159808432,-0.10019701999867342,0.010542895599603246,-0.02773368809741884,0
203115,Will Barton,-0.016987899700500974,0.060849394665963785,-0.15879047945225616,-0.004212160170310062,-0.27419893175157906,-0.02664366597885128,0.19943435416898525,0.0458612125746222,0.010507756842399359,0.02687714786485603,-0.2392461506574391,2
203118,Mike Scott,-0.05177149344772774,0.03767867305327818,-0.3861608115690323,0.002681576784422373,-0.1471934026333711,0.09984084559066554,0.06608239878981899,-0.11601466504314498,-0.01850461920064737,0.05396845310791597,-0.1075471684647322,0
203121,Darius Miller,0.010855020555357949,0.0018420443625551122,-0.3280017383107949,-0.06418030640554938,-0.2451684083974787,0.07674757790569388,0.21370877961936555,-0.4281365454672889,-0.05992840936733899,0.19819603163610525,0.029334341999556632,0
203124,Kyle O'Quinn,-0.023420057690216156,0.07723388394934015,-0.544170667556985,0.019763246972978654,-0.16733891267877415,0.03864581422678602,0.13137579311211198,-0.12477279835692492,-0.052339906530465316,0.015074307822953896,-0.10354536869619926,0
203145,Kent Bazemore,-0.043732207509087496,0.02272974874367296,0.2638776534529229,0.016778495005110892,-0.28113676531135384,0.1486258078261696,0.1377480738360452,-0.1065518231311476,-0.06559516113960105,0.0783306351673843,-0.3877914740698255,2
203200,Justin Holiday,-0.04146377804940045,-0.06955796663042799,-0.12093853573347177,0.002218750467742846,-0.11853817615346142,-0.01351057313554564,0.1795377062359146,-0.4339337413336942,-0.0195570117835895,0.1009786741525615,-0.4261922647163561,2
203210,JaMychal Green,-0.04646109785658988,-0.038555159956894056,-0.059027571848955226,0.03476060083153358,-0.19637800544518985,0.004044357099691281,0.1178422571919342,0.05508539132294171,-0.043158712814311884,0.2556257501885373,-0.25084301028200395,2
203382,Aron Baynes,-0.04625876097027637,0.10744371379122236,-0.36326215053814537,-0.02089336786462889,-0.1293378711552571,-0.038380510683345775,0.12422665116751214,-0.022544971573903363,-0.032300759853298014,0.061748397449132277,-0.2576270696355299,0
203457,Nerlens Noel,-0.01833725697825924,0.07768062209737793,-0.5500979974277567,0.05323064244335345,-0.2217836402971028,0.013340120334050177,0.16525767387416915,-0.03974212674443738,-0.0542716282548898,0.07200873644405988,-0.6276760926918702,0
203458,Alex Len,0.011839911171936751,0.02094310180829016,-0.07490857758483817,0.06101951512930296,-0.21897616816579707,0.027798306370784145,0.15322116448164566,-0.03988745672635239,-0.030037441544722775,0.009760755996470435,-0.5158204072975112,2
203459,Allen Crabbe,-0.013358162557219912,-0.0065615762893407505,-0.1444884191889894,0.0043371948605307395,-0.2548023680261934,0.1344912998177719,0.10256494715153885,0.011749049598969968,-0.03276161309638485,-0.008737916680618298,-0.09416360925047602,2
203460,Andre Roberson,0.01982446968181923,0.019728231303539647,0.16649634882669878,0.015514068393430953,-0.4645626608950464,0.2019212350710359,0.19242747468688148,-0.020604117052511788,-0.010768881624007343,0.2593606082433768,-0.6296547092380435,2
203463,Ben McLemore,-0.08361846454171735,0.029503065687094918,0.38426618067299856,-0.004799611226429257,-0.31479096578876525,0.19992655596094785,0.15338551505016013,0.0138887812947291,-0.271972433935653,0.03546654092217929,-0.38074340553,2
203468,CJ McCollum,-0.03069402079689638,0.023018739643710682,-0.32495610095643507,0.014758827720669691,-0.10992000522652197,-0.06797615547907825,0.1356771756713509,0.009085625565270984,-0.0768268910984501,0.01699672003271183,-0.070430408584359,0
203469,Cody Zeller,-0.011170391299938406,0.014268884402012091,-0.9600438935116038,0.0799826841320013,-0.10973413619120946,-0.09502086190116753,0.14397680574155056,0.016933671856494234,-0.04768594572692203,0.02595480758662836,-0.4912356825953088,4
203471,Dennis Schroder,-0.02561751416644011,0.033463826559540534,-0.4378971585839702,-0.006515867719675726,-0.05773277982249121,0.042431926098562986,0.022964088257736808,0.03938607888345221,-0.08280968175906536,0.02381636711117661,-0.3148456906024036,0
203473,Dewayne Dedmon,-0.05263943809670497,0.043386852932242856,-0.5182518293987098,-0.048739850649268335,-0.12312463707263765,0.013996200341092923,0.1164753956916947,-0.0999320530938223,-0.10226589669837442,0.08245480490768665,-0.1849466460624371,0
203476,Gorgui Dieng,0.00771626759215627,-0.015698740753183768,0.07948089919747187,0.053314287484628124,-0.2275523781649425,0.017925204615004253,0.1607654350230376,-0.05098048672726916,-0.022271358591714998,0.08498659294607652,-0.08652722829341082,2
203482,Kelly Olynyk,-0.004668356160795882,-0.05229943937547562,0.0895943480251268,0.010901092119356932,-0.4344667863034154,0.16816726887467806,0.22514978415448014,-0.09446520918475787,-0.012121113771417813,0.01727842268669804,-0.13023389037280067,2
203484,Kentavious Caldwell-Pope,-0.0451304354326929,0.01697377813524314,-0.0726512002239277,0.00404784412547776,-0.2712639150631933,0.0839755523935223,0.125898149598972,-0.022552314749071288,0.08201846886542863,0.020245435963960674,-0.23840272985494596,2
203486,Mason Plumlee,0.006405208515245231,0.045572321337764336,-0.9435546738842526,0.009591022012424058,-0.2377520451624792,0.03281152922838237,0.17036532254647394,-0.08819840524152515,-0.025074414980444548,0.036634868135567135,-0.83460293771328,4
203487,Michael Carter-Williams,0.037397384600457474,-0.010772050505011723,-0.44341843937693337,-0.028350505639831807,-0.2476228986296249,0.008472402081529024,0.17288271549726,-0.026194308805594764,0.007104775334332631,0.03828098277187158,-0.5219978770064576,0
203488,Mike Muscala,0.10499162165139272,-0.020073524707374377,-0.5368350567353142,-0.04944295205415716,-0.1384025071171779,0.051955887180315935,0.07284497896696565,-0.03218523813679265,-0.0804766927410503,0.24617559141608464,-0.12766364457401885,0
203490,Otto Porter Jr.,-0.0429898580798905,0.03781320629776429,-0.2960197426670789,-0.017018039419119568,-0.26133931347357464,-0.022256720396524092,0.19205289099184275,-0.04392150341346112,-0.013924522649695377,0.2945089480795132,0.0936744738255978,0
203493,Reggie Bullock,-0.07623504832468686,-0.01864098356121937,-0.20624276922783025,-0.0287475204379888,-0.2717745272115459,0.007188061885166913,0.2237278975274232,-0.030070403090992313,-0.1905654320035476,0.2028651703409713,-0.04301064961556332,2
203496,Robert Covington,-0.06453470062557573,0.026017415660243032,0.20407072263317744,0.0349967981442408,-0.30818543723183484,0.1630513404866418,0.12218298547850209,0.1073673761156719,-0.13512858101017855,0.04032790637005572,-0.3554813633610642,2
203497,Rudy Gobert,0.036581827884531015,-0.01774510720303132,-3.1229637610256544,0.0215966295789964,-0.2404631158334664,0.039237407000390336,0.16426341669359698,-0.048035762456740606,-0.05151491456361575,0.05863083580068839,-2.275178153592265,1
203500,Steven Adams,-0.029078401951107162,0.04937799136378335,-1.6623763405831766,-0.07197167151015199,-0.03982230509210951,-0.0635281027744693,0.09488139485999735,-0.10321262779447547,-0.030750388200035363,0.02616757947383493,-0.6823199811704945,3
203501,Tim Hardaway Jr.,-0.010177884064868376,-0.061577352458820525,-0.29604892432178664,0.05312850305239561,-0.19302306163944905,0.009735992675406131,0.16837897021869816,-0.02605818027110168,-0.14998324548895367,0.029903508955990168,-0.24472707451315584,0
203503,Tony Snell,-0.017614789893767354,0.07954651716683345,0.0705357620727285,-0.0664816611558862,-0.19760362387522096,0.09660662516347328,0.14383875729781948,-0.3527318507892655,0.02051213201239218,0.058374945094266335,-0.2706216508169293,2
203504,Trey Burke,-0.016185455238165426,0.026599880220326187,-0.046885809005556264,-0.06528496342157226,-0.2833094008345307,-0.015880535235510904,0.20371312793386262,-0.0180718483793618,0.050514987315901455,0.022433208410273714,-0.16011412294622948,2
203506,Victor Oladipo,-0.03450879415756267,0.032170016266530585,0.02301906150850254,0.027290993871520904,-0.237404626642008,0.06373456980255489,0.143832811236591,0.10522338255540896,-0.17094150055901847,0.026744628361266717,-0.248047753397206,2
203507,Giannis Antetokounmpo,0.09296915226243138,0.058150488032776226,-0.3005088135776619,-0.011084521626384023,-0.29679716153346936,0.08233107915648012,0.17777241166090485,-0.06490620197857573,-0.0349503946812568,0.048660128924071684,-0.3814423833744705,0
203516,James Ennis III,-0.09010987658208656,0.062417512285757225,-0.03128840322431177,0.0026665698442945077,-0.3284480046758864,-0.010635604109185638,0.13256790428871976,0.031457165943703125,0.4571019667705556,0.02098854154240896,-0.2007517864057394,2
203521,Matthew Dellavedova,-0.009335757833664051,0.03663790623019722,-0.05038521016559018,0.027190118138069246,-0.12314657628405193,0.004349262301056132,4.3890857391872176e-05,0.3995027728486991,0.002629252634510719,0.038052444055062536,-0.3525070288894505,2
203524,Solomon Hill,-0.011584750087243837,0.012848712470707863,0.03995234578615762,-0.03994621772136171,-0.22488202406468766,0.034291468827361754,0.12255445488832328,-0.020974235844143416,0.06102081274670764,0.1033138514665886,-0.4389415596289405,2
203526,Raul Neto,-0.023421372469861302,-0.0599433635789763,0.16169323598922888,0.05087722175206948,-0.3794093890960667,0.06077190444819173,0.14596485456817307,0.004338378116988,0.3635455663203469,0.07801082303047023,-0.10178738264755816,2
203552,Seth Curry,0.02033701294858151,0.04815668159959998,-0.4358321682363868,0.04352291675787018,-0.112756561426412,-0.00027906286803316965,0.13463929264740374,-0.00655410058495011,-0.2482123929172115,0.035500280773517426,0.03986643579673691,0
203584,Troy Daniels,0.033156679147009545,-0.07420863459153038,-0.163180956720589,-0.03190771443885948,-0.010466195248166141,0.027524261599826887,4.004423573008209e-05,7.177001644704234e-05,0.020176419831961445,-0.20142706148211015,-0.3626209716398733,0
203585,Rodney McGruder,-0.03940336269726681,-0.08554173568281967,-0.19209361917649967,-0.04311331478755797,-0.3043038213979369,0.1137416012604376,0.13302370348842507,0.00047391505576558485,-0.018009088733185574,0.2300185577870333,-0.2636207794638364,2
203894,Shabazz Napier,0.011934868080352459,0.004979411703973556,-0.1597441279044705,0.043805968309245935,-0.13205443869584196,0.0010899199467425838,0.15736632471122294,0.017014866475760282,-0.3896173455677057,0.2677780329425294,-0.3369709172098833,2
203895,Jordan McRae,-0.03257852059554938,-0.04243206353169268,0.1158305784640112,-0.045757176863422885,-0.2348206475913484,0.09775214657247053,0.08674871094444464,1.3176597168029975e-05,0.004822946166484828,0.25400354797560776,-0.23415611313254103,2
203897,Zach LaVine,-0.0673359213269473,0.07227347135984066,0.3090514303359212,-0.032229317524819834,-0.4093318713035992,0.0460656809619299,0.1927861818269806,0.3823357406141945,-0.05745522652473532,0.07207334792660905,-0.2100552805000955,2
203901,Elfrid Payton,0.03842996143110835,0.049535758345028505,-0.5314859788162049,0.04778297590557742,-0.15186170629466753,0.0458760697820233,0.1350614596332162,-0.15496763888837528,-0.11598308909213476,0.028301707097253624,-0.4090908410878308,0
203903,Jordan Clarkson,0.013332831171409376,0.07394948425336703,-0.5143045645829949,-0.036143234138798816,-0.12046694442819912,0.030806734051810263,0.12256129790505453,-0.2534965308155667,-0.044365947840396366,0.08321029984043317,-0.21212470821473708,0
203914,Gary Harris,-0.10763864350678623,-0.002426481001968457,-0.2768580540216545,-0.02770323562245723,-0.19483354434951008,-0.004503959293266898,0.15197814099539964,0.023539244608895046,-0.07177637192767529,0.019034605815942428,-0.1856417036817476,0
203915,Spencer Dinwiddie,-0.04857035836306468,0.027009725493616396,-0.4422810916516359,0.06407768721933749,-0.200429717178066,-0.02248501498547064,0.14888642348117,-0.0004222571939347101,0.04483513058650788,-0.014589325253999268,-0.2867247914156861,0
203918,Rodney Hood,0.0013666196101845315,0.02054916529583144,-0.2584069955522523,-0.035994384969941465,-0.11008137918804567,0.06099546540773546,0.13581436124671772,-0.4588327394759117,-0.016279285441799362,0.029073140767203444,-0.2212502208650368,0
203920,Khem Birch,-0.00367116383648949,0.013847567884501977,-2.792625917239135,0.0008408764259704447,0.06149196037205905,-0.16092156341054512,0.08920846940514314,-2.771588034529971e-05,-0.0700393805461238,-0.21829090434821616,-1.1207680968980909,3
203922,Glenn Robinson III,0.01051454637094438,-0.021239352865702804,-0.2393130842112507,0.030638127656149695,-0.10356110594543044,0.006541451341790888,0.1438296898636501,-0.3774136216843209,0.014772093186938387,0.00464100658467462,-0.2973203848453724,0
203924,Jerami Grant,-0.02074714561941025,-0.012667491981979459,0.23364568646606004,0.00808413338880398,-0.3276199170852415,0.1264956337523544,0.16625103234819666,0.030545494808659993,-0.07957863978474743,-0.00870050127388873,-0.4432281905256741,2
203925,Joe Harris,0.027222037086606667,0.05289738683475018,-0.3862897291471732,0.02387548958756111,-0.08939653534080856,-0.013933034209755687,0.08550068259956606,0.00123295012531274,-0.12554512313811142,0.2066959289050314,-0.013059549493347391,0
203926,Doug McDermott,-0.008219921261119393,0.057655779353477814,0.05951343821050074,0.008394633910921916,-0.2980050934967287,0.054637865658838304,0.10948871522702376,0.3728500953718175,-0.029798445477457417,-0.011132309845569469,-0.08538869116241077,2
203932,Aaron Gordon,-0.005635491612547457,-0.013747924986674069,-0.1473524361444184,0.05606361578741182,-0.2619830371965074,0.03368172477350199,0.17989236177435605,0.02013538972650166,-0.08933182700932313,0.02629415330262689,-0.3873373854755189,2
203933,T.J. Warren,0.04170336254831581,0.032933996828532416,-0.6230324428315432,-0.003669027364850276,-0.22322545607991875,-0.013215970260292387,0.2008804638853724,-0.02064509990356464,-0.13438823980184786,0.017306131991024612,-0.08576346561566026,0
203935,Marcus Smart,-0.09849311328978803,0.06739590658087677,-0.22170670874086332,0.018342739993126283,-0.20994841510193304,0.025600802379819116,0.13684379883922854,-0.07575959752376506,0.04668229151595685,0.033129003229223394,-0.37974306064495583,0
203937,Kyle Anderson,0.046806399531520285,0.02627695197296832,-0.6675691401425662,0.02000929594850969,-0.20351209666371492,-0.026341640901140915,0.1145112024302284,0.32702878046473965,-0.08193950924375512,-0.01612032594257525,-0.1461488680177504,0
203939,Dwight Powell,-0.039772656692947626,0.03902548776065353,-0.5615051878651346,0.02683794769007076,-0.3202454891841359,0.07112653735871888,0.13348120386158377,0.33413060237373143,-0.07634476836974095,-0.014892874087331281,-0.2715723478053437,0
203943,Noah Vonleh,-0.05213038376579826,-0.028257854981185517,0.05191114747120502,0.08550964678474393,-0.23748445697523074,0.032562342413935214,0.14659478830836614,-0.02466287968063071,0.03438706916414822,0.00219587477287085,-0.5087436289355208,2
203944,Julius Randle,-0.02917242283922235,-0.02011620888662067,-0.464081954405541,-0.028754868283403488,-0.296971414079795,0.03901468652986043,0.1851682476112608,0.052683705303834524,-0.05209222444532207,0.04649241391195455,-0.40505975899865054,0
203952,Andrew Wiggins,-0.04092147671745135,-0.01515431214564637,-0.33944532049581266,-0.0183121416210414,-0.24826624729256105,0.028500507825812663,0.15606602952786983,0.056802019152319076,-0.051086830965543714,0.04433107684048127,-0.2811735250635661,0
203953,Jabari Parker,-0.09332001663284442,0.010938856326576072,-0.3169099463413593,0.014344805687929571,-0.2159875221344489,0.01656356267600504,0.16151093173026637,-0.07246170505466848,-0.021522519121679018,0.03053141180116363,-0.31691630460287384,0
203954,Joel Embiid,-0.06666607668979575,0.035993657431913545,-0.5237804198863872,0.028215043781565332,-0.19066095403861733,0.025667105168710087,0.12413549315503064,0.030428215328670093,-0.028888096016811332,-0.05303736152208681,-0.23573947864240255,0
203957,Dante Exum,0.023714810012225758,-0.017808058973894314,-0.23057871362294985,-0.05635175843208319,-0.2346288637347947,0.03364102496631928,0.1301299014588807,-0.00010532583880689985,-0.00919228454446877,0.25744319025571644,-0.4844856854048468,0
203960,JaKarr Sampson,0.12713791736336116,0.006131790503097789,-0.3251369926314043,-0.03278853044359853,-0.3132394079673019,0.14704169972466233,0.11432475442798927,-8.008843516019627e-05,0.054362928888648895,0.0640588471538744,-0.534625596770861,0
203967,Dario Saric,-0.017177300400195963,0.010843987360357677,-0.0918543753195006,-0.010068976962853906,-0.3322706587160078,0.07561077890870906,0.19579329287295735,0.02701792285905877,-0.07551785921059331,0.07286924794221025,-0.2138014871266168,2
203991,Clint Capela,0.01193279109999289,-0.049158486492875415,-3.2804462547416424,0.08600526978398627,-0.3748503501550437,0.12224898654740575,0.1700428215864159,-0.020528424737379244,0.07910326431471984,0.10306032147396048,-2.619255584880838,1
203992,Bogdan Bogdanovic,-0.03933740015136356,0.09128520441072692,-0.4371792641544095,-0.005803074788898128,-0.08705080303929913,-0.09494434532182663,0.12276246556568131,0.01125664138569398,-0.012988764185264658,0.0038829208535708882,-0.09326389501785204,0
203994,Jusuf Nurkic,-3.29721044456616e-05,0.04272796273031487,-0.2989599634429061,0.02259206286762345,-0.2398087218220471,0.04047632975880275,0.15123060046305578,-0.02898455730056597,-0.010646362617245235,0.04216309397482058,-0.4567965554952216,0
203998,Bruno Caboclo,-0.095656072773581,0.1435850829610658,0.6058857523925927,-0.09705923788885612,-0.4274391969295756,0.23450092221403346,0.15054692089545096,-1.2331457306637112e-05,0.09062943891374277,-0.18608561479994407,-0.4936253103941584,2
203999,Nikola Jokic,-0.024802724528232026,0.02987755046751568,-0.8992067074258552,0.1431903961313323,-0.13049035371052736,-0.08073482867158244,0.15241120736729305,0.0006188160174757124,-0.04298764130942846,0.021392750398336567,-0.005302157401914861,4
204001,Kristaps Porzingis,0.010914728925315944,0.08046340025513342,-0.05093627340844478,0.06625489147961318,-0.19398376814656768,-0.042802468797834566,0.1716896500503405,0.03778088199755968,-0.0653492210327207,0.013595266367240334,-0.2904523111359137,2
204020,Tyler Johnson,0.0010769034217734698,0.04407188950118316,-0.23860863977888136,0.021883320022862,-0.2404354377558105,0.028510707852751525,0.09803139868794035,0.3666372340268416,-0.07813113941312755,-0.027801769994662457,-0.1800868073656556,0
204025,Tim Frazier,-0.00698301953674505,0.05476672580416262,0.03055899215387769,-0.02962363517846533,-0.3729530683160859,0.04860622129863728,0.23695828821404682,7.057112004399589e-05,-0.009548127140486818,0.017003779786902453,-0.2699712449666709,2
204038,Langston Galloway,0.03902222497008862,0.0844290618268878,-0.08621861307957544,0.039868395414517456,-0.18248506957178906,0.02423907516142236,0.1648207952011869,-0.4447322101260294,0.09538667898290656,0.2860798100599143,-0.3060226951211661,2
204060,Joe Ingles,0.012256937934903777,0.049457021746316235,-0.032996704096323756,-0.009867033639666423,-0.2676559213461643,0.08350309126899191,0.31510674498524294,-0.3955857230702653,-0.4109593264352886,-0.05936268437492299,-0.08522764929462873,2
204456,T.J. McConnell,-0.024587285482683567,0.046731711984466566,-0.5501653574001142,0.1050176974489009,-0.057085775613709935,0.07658749490624771,1.1769086087084652e-05,2.109336053928736e-05,-0.042663331750545576,0.024202677143380712,-0.1720584991370319,0
2199,Tyson Chandler,0.033579278973597165,0.049600688626135474,-0.17791905088532542,0.035046173073730216,-0.2959842433585804,0.03154303899167617,0.17641922923975728,-0.014797055535954182,-0.010163787715817205,0.2877406663995161,-0.469285741822539,2
2200,Pau Gasol,-0.05991810171524169,0.0010096894146614374,0.07706408333888608,0.05861980970391699,-0.26999334544570497,0.032956010444231035,0.17809808496645377,-0.02105413401571801,-0.0218833413385251,0.04718272999303886,-0.06962690661487599,2
2403,Nene,-0.07052163397046397,0.03819537893264937,0.4114561424361587,0.014467547749795697,-0.3824329082282263,0.17111247256050305,0.17756351434824014,-0.08697945711865075,0.012990861963034128,0.03653690097705668,-0.1962137736744972,2
2544,LeBron James,-0.031384684608662936,0.03500724868097172,-0.15528709516567746,-0.029826488258161074,-0.3568513184036628,0.11185149014578433,0.20241677150446868,-0.03291477320808918,-0.06139645187914827,0.033503352683261635,-0.0852540854642685,2
2594,Kyle Korver,-0.040715290013857125,0.0408325634482655,-0.07517583700360227,-0.04799245122023755,-0.3167646559760979,-0.059258869065650664,0.29323666857690583,0.035833141390945907,-0.16780733039530654,0.011392963944941029,0.11259528764591616,2
2617,Udonis Haslem,-0.03883448838843625,0.01992811518345889,0.1704818801371264,-0.020942841060460852,-0.3076315126917836,0.1322719655394405,0.13354369602228225,-0.030182564544440724,-0.026452365149925102,0.2060777635556029,-0.0646431826530387,2
2730,Dwight Howard,0.013127487638231579,0.0030846285616098427,-0.5447663465740269,0.021780295738941798,-0.29021172610830004,0.06878912479962868,0.1819287596106791,-0.07101425726943887,-0.02743231551155351,0.038967309212519084,-0.5936809288937579,0
2738,Andre Iguodala,-0.05833144097281408,0.03564200198051125,0.15782207481730956,0.03931418895365863,-0.3290213437056685,0.03721792056207575,0.21876936020490464,-0.009720819326870096,-0.044129934949871635,0.06762580264935407,-0.29134884014639273,2
2772,Trevor Ariza,-0.056111642247097096,0.012180325754839598,0.4512176912084498,0.009795770565759513,-0.4052391009011015,0.1323366729680312,0.21906821293610232,0.0007050985035271933,-0.0759029607721842,0.05162601641694736,-0.39116252116445066,2
